学生编号,学业状态
66517,肄业
66518,毕业
66519,毕业
66520,毕业
66521,毕业
66522,毕业
66523,毕业
66524,在读
66525,肄业
66526,毕业
66527,毕业
66528,肄业
66529,在读
66530,毕业
66531,毕业
66532,毕业
66533,毕业
66534,肄业
66535,在读
66536,毕业
66537,毕业
66538,毕业
66539,毕业
66540,毕业
66541,在读
66542,肄业
66543,毕业
66544,毕业
66545,肄业
66546,在读
66547,毕业
66548,肄业
66549,在读
66550,毕业
66551,肄业
66552,肄业
66553,毕业
66554,毕业
66555,毕业
66556,肄业
66557,在读
66558,肄业
66559,毕业
66560,毕业
66561,毕业
66562,肄业
66563,肄业
66564,在读
66565,肄业
66566,肄业
66567,肄业
66568,在读
66569,毕业
66570,毕业
66571,毕业
66572,毕业
66573,肄业
66574,在读
66575,毕业
66576,肄业
66577,毕业
66578,毕业
66579,肄业
66580,肄业
66581,在读
66582,毕业
66583,毕业
66584,肄业
66585,毕业
66586,毕业
66587,肄业
66588,在读
66589,肄业
66590,肄业
66591,肄业
66592,毕业
66593,在读
66594,在读
66595,肄业
66596,毕业
66597,毕业
66598,肄业
66599,肄业
66600,毕业
66601,毕业
66602,毕业
66603,肄业
66604,在读
66605,肄业
66606,在读
66607,在读
66608,肄业
66609,在读
66610,毕业
66611,肄业
66612,毕业
66613,毕业
66614,肄业
66615,在读
66616,在读
66617,肄业
66618,在读
66619,毕业
66620,毕业
66621,肄业
66622,毕业
66623,毕业
66624,在读
66625,毕业
66626,毕业
66627,毕业
66628,毕业
66629,毕业
66630,毕业
66631,毕业
66632,在读
66633,毕业
66634,在读
66635,在读
66636,毕业
66637,毕业
66638,肄业
66639,毕业
66640,毕业
66641,在读
66642,肄业
66643,肄业
66644,肄业
66645,毕业
66646,肄业
66647,毕业
66648,肄业
66649,肄业
66650,在读
66651,在读
66652,在读
66653,毕业
66654,在读
66655,肄业
66656,毕业
66657,毕业
66658,在读
66659,毕业
66660,毕业
66661,在读
66662,肄业
66663,肄业
66664,毕业
66665,毕业
66666,毕业
66667,肄业
66668,在读
66669,肄业
66670,在读
66671,肄业
66672,在读
66673,肄业
66674,毕业
66675,肄业
66676,在读
66677,毕业
66678,在读
66679,肄业
66680,在读
66681,毕业
66682,毕业
66683,毕业
66684,毕业
66685,毕业
66686,毕业
66687,在读
66688,毕业
66689,毕业
66690,毕业
66691,毕业
66692,毕业
66693,肄业
66694,毕业
66695,肄业
66696,毕业
66697,毕业
66698,肄业
66699,肄业
66700,在读
66701,毕业
66702,毕业
66703,毕业
66704,在读
66705,在读
66706,在读
66707,毕业
66708,毕业
66709,在读
66710,毕业
66711,毕业
66712,毕业
66713,毕业
66714,在读
66715,肄业
66716,毕业
66717,毕业
66718,肄业
66719,毕业
66720,毕业
66721,在读
66722,毕业
66723,肄业
66724,毕业
66725,肄业
66726,肄业
66727,肄业
66728,毕业
66729,毕业
66730,肄业
66731,肄业
66732,在读
66733,在读
66734,肄业
66735,在读
66736,毕业
66737,毕业
66738,在读
66739,毕业
66740,肄业
66741,肄业
66742,肄业
66743,在读
66744,毕业
66745,毕业
66746,毕业
66747,肄业
66748,毕业
66749,毕业
66750,毕业
66751,肄业
66752,毕业
66753,毕业
66754,毕业
66755,肄业
66756,肄业
66757,毕业
66758,毕业
66759,毕业
66760,毕业
66761,毕业
66762,在读
66763,毕业
66764,毕业
66765,毕业
66766,毕业
66767,毕业
66768,毕业
66769,肄业
66770,在读
66771,在读
66772,肄业
66773,毕业
66774,毕业
66775,肄业
66776,肄业
66777,在读
66778,毕业
66779,在读
66780,毕业
66781,肄业
66782,在读
66783,毕业
66784,肄业
66785,毕业
66786,毕业
66787,肄业
66788,肄业
66789,毕业
66790,肄业
66791,肄业
66792,毕业
66793,毕业
66794,毕业
66795,毕业
66796,肄业
66797,在读
66798,肄业
66799,在读
66800,在读
66801,毕业
66802,毕业
66803,毕业
66804,毕业
66805,毕业
66806,毕业
66807,毕业
66808,肄业
66809,毕业
66810,肄业
66811,毕业
66812,毕业
66813,肄业
66814,毕业
66815,毕业
66816,在读
66817,毕业
66818,在读
66819,毕业
66820,肄业
66821,肄业
66822,毕业
66823,毕业
66824,在读
66825,毕业
66826,毕业
66827,毕业
66828,毕业
66829,毕业
66830,毕业
66831,肄业
66832,毕业
66833,在读
66834,肄业
66835,毕业
66836,毕业
66837,毕业
66838,在读
66839,毕业
66840,肄业
66841,在读
66842,毕业
66843,毕业
66844,在读
66845,毕业
66846,肄业
66847,毕业
66848,毕业
66849,肄业
66850,毕业
66851,毕业
66852,毕业
66853,毕业
66854,毕业
66855,毕业
66856,肄业
66857,毕业
66858,毕业
66859,肄业
66860,毕业
66861,在读
66862,毕业
66863,肄业
66864,毕业
66865,在读
66866,毕业
66867,肄业
66868,毕业
66869,肄业
66870,毕业
66871,毕业
66872,毕业
66873,肄业
66874,毕业
66875,毕业
66876,毕业
66877,在读
66878,毕业
66879,肄业
66880,毕业
66881,肄业
66882,肄业
66883,毕业
66884,毕业
66885,毕业
66886,在读
66887,肄业
66888,毕业
66889,毕业
66890,毕业
66891,毕业
66892,毕业
66893,肄业
66894,肄业
66895,毕业
66896,肄业
66897,毕业
66898,肄业
66899,肄业
66900,在读
66901,毕业
66902,毕业
66903,肄业
66904,毕业
66905,肄业
66906,肄业
66907,毕业
66908,毕业
66909,肄业
66910,毕业
66911,毕业
66912,在读
66913,毕业
66914,肄业
66915,毕业
66916,毕业
66917,毕业
66918,毕业
66919,毕业
66920,毕业
66921,在读
66922,肄业
66923,毕业
66924,毕业
66925,肄业
66926,毕业
66927,毕业
66928,肄业
66929,肄业
66930,毕业
66931,毕业
66932,在读
66933,肄业
66934,毕业
66935,毕业
66936,毕业
66937,毕业
66938,毕业
66939,肄业
66940,毕业
66941,在读
66942,肄业
66943,肄业
66944,在读
66945,毕业
66946,毕业
66947,在读
66948,肄业
66949,毕业
66950,毕业
66951,肄业
66952,毕业
66953,毕业
66954,毕业
66955,毕业
66956,毕业
66957,毕业
66958,毕业
66959,毕业
66960,在读
66961,肄业
66962,毕业
66963,毕业
66964,肄业
66965,肄业
66966,毕业
66967,肄业
66968,肄业
66969,肄业
66970,肄业
66971,肄业
66972,在读
66973,毕业
66974,肄业
66975,肄业
66976,毕业
66977,毕业
66978,毕业
66979,毕业
66980,毕业
66981,在读
66982,毕业
66983,肄业
66984,毕业
66985,毕业
66986,肄业
66987,肄业
66988,在读
66989,毕业
66990,毕业
66991,毕业
66992,在读
66993,肄业
66994,毕业
66995,毕业
66996,肄业
66997,毕业
66998,毕业
66999,毕业
67000,肄业
67001,在读
67002,肄业
67003,毕业
67004,毕业
67005,肄业
67006,在读
67007,肄业
67008,肄业
67009,肄业
67010,毕业
67011,毕业
67012,毕业
67013,毕业
67014,毕业
67015,毕业
67016,毕业
67017,在读
67018,肄业
67019,毕业
67020,肄业
67021,肄业
67022,毕业
67023,在读
67024,肄业
67025,毕业
67026,肄业
67027,在读
67028,毕业
67029,毕业
67030,毕业
67031,在读
67032,毕业
67033,肄业
67034,毕业
67035,在读
67036,毕业
67037,肄业
67038,肄业
67039,肄业
67040,毕业
67041,毕业
67042,毕业
67043,毕业
67044,在读
67045,肄业
67046,肄业
67047,毕业
67048,毕业
67049,在读
67050,毕业
67051,在读
67052,毕业
67053,在读
67054,毕业
67055,毕业
67056,肄业
67057,肄业
67058,毕业
67059,毕业
67060,在读
67061,毕业
67062,毕业
67063,肄业
67064,在读
67065,在读
67066,在读
67067,在读
67068,毕业
67069,肄业
67070,肄业
67071,肄业
67072,在读
67073,毕业
67074,毕业
67075,毕业
67076,在读
67077,毕业
67078,毕业
67079,在读
67080,毕业
67081,毕业
67082,在读
67083,毕业
67084,在读
67085,毕业
67086,毕业
67087,毕业
67088,肄业
67089,毕业
67090,肄业
67091,在读
67092,在读
67093,毕业
67094,在读
67095,毕业
67096,肄业
67097,肄业
67098,毕业
67099,在读
67100,肄业
67101,毕业
67102,在读
67103,肄业
67104,在读
67105,毕业
67106,肄业
67107,肄业
67108,肄业
67109,毕业
67110,肄业
67111,毕业
67112,毕业
67113,肄业
67114,肄业
67115,在读
67116,毕业
67117,毕业
67118,毕业
67119,在读
67120,在读
67121,毕业
67122,在读
67123,毕业
67124,毕业
67125,毕业
67126,在读
67127,毕业
67128,毕业
67129,肄业
67130,毕业
67131,毕业
67132,毕业
67133,毕业
67134,毕业
67135,毕业
67136,肄业
67137,毕业
67138,在读
67139,毕业
67140,毕业
67141,在读
67142,毕业
67143,肄业
67144,毕业
67145,毕业
67146,毕业
67147,在读
67148,毕业
67149,毕业
67150,肄业
67151,肄业
67152,肄业
67153,毕业
67154,在读
67155,毕业
67156,肄业
67157,肄业
67158,在读
67159,毕业
67160,毕业
67161,肄业
67162,毕业
67163,毕业
67164,毕业
67165,在读
67166,肄业
67167,毕业
67168,毕业
67169,肄业
67170,肄业
67171,在读
67172,肄业
67173,在读
67174,在读
67175,毕业
67176,毕业
67177,在读
67178,肄业
67179,肄业
67180,在读
67181,毕业
67182,肄业
67183,在读
67184,毕业
67185,肄业
67186,毕业
67187,在读
67188,在读
67189,在读
67190,毕业
67191,毕业
67192,肄业
67193,肄业
67194,毕业
67195,肄业
67196,毕业
67197,在读
67198,毕业
67199,毕业
67200,在读
67201,肄业
67202,毕业
67203,在读
67204,肄业
67205,在读
67206,肄业
67207,肄业
67208,在读
67209,毕业
67210,毕业
67211,毕业
67212,毕业
67213,毕业
67214,在读
67215,毕业
67216,肄业
67217,肄业
67218,毕业
67219,在读
67220,毕业
67221,肄业
67222,毕业
67223,毕业
67224,在读
67225,毕业
67226,毕业
67227,毕业
67228,肄业
67229,肄业
67230,毕业
67231,毕业
67232,毕业
67233,在读
67234,肄业
67235,毕业
67236,毕业
67237,毕业
67238,在读
67239,肄业
67240,毕业
67241,肄业
67242,毕业
67243,在读
67244,肄业
67245,在读
67246,肄业
67247,肄业
67248,毕业
67249,毕业
67250,肄业
67251,肄业
67252,毕业
67253,在读
67254,在读
67255,在读
67256,毕业
67257,毕业
67258,毕业
67259,毕业
67260,在读
67261,毕业
67262,肄业
67263,毕业
67264,毕业
67265,毕业
67266,在读
67267,毕业
67268,毕业
67269,肄业
67270,毕业
67271,在读
67272,肄业
67273,肄业
67274,肄业
67275,毕业
67276,毕业
67277,在读
67278,毕业
67279,肄业
67280,肄业
67281,肄业
67282,肄业
67283,肄业
67284,毕业
67285,在读
67286,在读
67287,在读
67288,肄业
67289,肄业
67290,毕业
67291,毕业
67292,在读
67293,肄业
67294,毕业
67295,毕业
67296,在读
67297,在读
67298,毕业
67299,在读
67300,毕业
67301,毕业
67302,肄业
67303,毕业
67304,毕业
67305,肄业
67306,肄业
67307,肄业
67308,肄业
67309,毕业
67310,毕业
67311,在读
67312,肄业
67313,毕业
67314,肄业
67315,肄业
67316,肄业
67317,肄业
67318,肄业
67319,肄业
67320,毕业
67321,毕业
67322,毕业
67323,在读
67324,肄业
67325,在读
67326,毕业
67327,肄业
67328,毕业
67329,肄业
67330,肄业
67331,肄业
67332,毕业
67333,肄业
67334,毕业
67335,毕业
67336,毕业
67337,在读
67338,在读
67339,肄业
67340,在读
67341,肄业
67342,毕业
67343,毕业
67344,肄业
67345,在读
67346,毕业
67347,肄业
67348,毕业
67349,毕业
67350,毕业
67351,肄业
67352,毕业
67353,肄业
67354,毕业
67355,毕业
67356,在读
67357,毕业
67358,毕业
67359,毕业
67360,毕业
67361,肄业
67362,肄业
67363,毕业
67364,在读
67365,毕业
67366,毕业
67367,肄业
67368,在读
67369,在读
67370,毕业
67371,肄业
67372,肄业
67373,肄业
67374,在读
67375,毕业
67376,在读
67377,肄业
67378,毕业
67379,肄业
67380,毕业
67381,在读
67382,毕业
67383,毕业
67384,毕业
67385,毕业
67386,肄业
67387,肄业
67388,毕业
67389,肄业
67390,毕业
67391,在读
67392,在读
67393,在读
67394,毕业
67395,肄业
67396,毕业
67397,毕业
67398,肄业
67399,在读
67400,毕业
67401,肄业
67402,肄业
67403,毕业
67404,毕业
67405,毕业
67406,毕业
67407,肄业
67408,肄业
67409,肄业
67410,在读
67411,肄业
67412,毕业
67413,肄业
67414,毕业
67415,肄业
67416,毕业
67417,在读
67418,毕业
67419,毕业
67420,肄业
67421,毕业
67422,肄业
67423,毕业
67424,毕业
67425,毕业
67426,毕业
67427,在读
67428,毕业
67429,毕业
67430,在读
67431,肄业
67432,肄业
67433,在读
67434,毕业
67435,毕业
67436,毕业
67437,毕业
67438,在读
67439,肄业
67440,在读
67441,毕业
67442,毕业
67443,肄业
67444,肄业
67445,肄业
67446,毕业
67447,毕业
67448,在读
67449,毕业
67450,毕业
67451,毕业
67452,毕业
67453,肄业
67454,毕业
67455,毕业
67456,毕业
67457,毕业
67458,毕业
67459,在读
67460,毕业
67461,毕业
67462,在读
67463,毕业
67464,毕业
67465,肄业
67466,毕业
67467,肄业
67468,肄业
67469,毕业
67470,肄业
67471,在读
67472,肄业
67473,毕业
67474,在读
67475,肄业
67476,毕业
67477,毕业
67478,毕业
67479,毕业
67480,在读
67481,在读
67482,肄业
67483,毕业
67484,毕业
67485,毕业
67486,毕业
67487,肄业
67488,肄业
67489,毕业
67490,毕业
67491,肄业
67492,毕业
67493,在读
67494,毕业
67495,肄业
67496,毕业
67497,肄业
67498,肄业
67499,肄业
67500,毕业
67501,毕业
67502,肄业
67503,在读
67504,毕业
67505,毕业
67506,毕业
67507,毕业
67508,在读
67509,在读
67510,在读
67511,肄业
67512,毕业
67513,毕业
67514,在读
67515,在读
67516,毕业
67517,毕业
67518,毕业
67519,毕业
67520,毕业
67521,在读
67522,毕业
67523,毕业
67524,肄业
67525,毕业
67526,毕业
67527,毕业
67528,毕业
67529,毕业
67530,毕业
67531,毕业
67532,毕业
67533,肄业
67534,肄业
67535,在读
67536,在读
67537,肄业
67538,毕业
67539,毕业
67540,肄业
67541,在读
67542,毕业
67543,毕业
67544,毕业
67545,毕业
67546,在读
67547,肄业
67548,毕业
67549,肄业
67550,毕业
67551,毕业
67552,在读
67553,毕业
67554,肄业
67555,毕业
67556,在读
67557,毕业
67558,毕业
67559,毕业
67560,肄业
67561,肄业
67562,毕业
67563,在读
67564,毕业
67565,毕业
67566,在读
67567,在读
67568,毕业
67569,毕业
67570,毕业
67571,在读
67572,毕业
67573,肄业
67574,肄业
67575,毕业
67576,毕业
67577,毕业
67578,毕业
67579,毕业
67580,毕业
67581,毕业
67582,在读
67583,在读
67584,毕业
67585,在读
67586,毕业
67587,肄业
67588,肄业
67589,毕业
67590,毕业
67591,肄业
67592,肄业
67593,在读
67594,在读
67595,肄业
67596,在读
67597,肄业
67598,肄业
67599,毕业
67600,毕业
67601,肄业
67602,在读
67603,肄业
67604,肄业
67605,在读
67606,在读
67607,毕业
67608,毕业
67609,肄业
67610,毕业
67611,毕业
67612,肄业
67613,肄业
67614,肄业
67615,毕业
67616,肄业
67617,毕业
67618,毕业
67619,肄业
67620,在读
67621,肄业
67622,在读
67623,在读
67624,毕业
67625,毕业
67626,肄业
67627,毕业
67628,毕业
67629,肄业
67630,毕业
67631,肄业
67632,毕业
67633,毕业
67634,毕业
67635,在读
67636,在读
67637,在读
67638,毕业
67639,毕业
67640,毕业
67641,毕业
67642,毕业
67643,毕业
67644,毕业
67645,肄业
67646,毕业
67647,毕业
67648,毕业
67649,毕业
67650,肄业
67651,毕业
67652,毕业
67653,毕业
67654,肄业
67655,毕业
67656,毕业
67657,肄业
67658,在读
67659,肄业
67660,肄业
67661,在读
67662,毕业
67663,在读
67664,肄业
67665,毕业
67666,毕业
67667,毕业
67668,毕业
67669,毕业
67670,毕业
67671,肄业
67672,毕业
67673,在读
67674,毕业
67675,在读
67676,在读
67677,毕业
67678,毕业
67679,毕业
67680,在读
67681,在读
67682,肄业
67683,在读
67684,毕业
67685,毕业
67686,在读
67687,毕业
67688,肄业
67689,在读
67690,毕业
67691,毕业
67692,在读
67693,在读
67694,在读
67695,毕业
67696,毕业
67697,毕业
67698,在读
67699,肄业
67700,肄业
67701,毕业
67702,毕业
67703,在读
67704,肄业
67705,毕业
67706,肄业
67707,肄业
67708,毕业
67709,毕业
67710,在读
67711,毕业
67712,毕业
67713,毕业
67714,在读
67715,肄业
67716,毕业
67717,毕业
67718,毕业
67719,毕业
67720,在读
67721,在读
67722,毕业
67723,在读
67724,毕业
67725,毕业
67726,肄业
67727,毕业
67728,毕业
67729,肄业
67730,毕业
67731,毕业
67732,毕业
67733,毕业
67734,毕业
67735,肄业
67736,毕业
67737,肄业
67738,在读
67739,毕业
67740,毕业
67741,在读
67742,毕业
67743,在读
67744,肄业
67745,在读
67746,毕业
67747,肄业
67748,在读
67749,在读
67750,肄业
67751,毕业
67752,在读
67753,毕业
67754,肄业
67755,在读
67756,肄业
67757,肄业
67758,在读
67759,毕业
67760,在读
67761,毕业
67762,毕业
67763,毕业
67764,肄业
67765,肄业
67766,肄业
67767,肄业
67768,毕业
67769,肄业
67770,在读
67771,肄业
67772,毕业
67773,毕业
67774,在读
67775,在读
67776,毕业
67777,在读
67778,毕业
67779,在读
67780,毕业
67781,毕业
67782,毕业
67783,毕业
67784,毕业
67785,毕业
67786,毕业
67787,毕业
67788,毕业
67789,在读
67790,肄业
67791,肄业
67792,毕业
67793,毕业
67794,毕业
67795,肄业
67796,毕业
67797,肄业
67798,在读
67799,毕业
67800,毕业
67801,在读
67802,毕业
67803,在读
67804,肄业
67805,肄业
67806,在读
67807,毕业
67808,肄业
67809,在读
67810,毕业
67811,毕业
67812,毕业
67813,毕业
67814,肄业
67815,在读
67816,毕业
67817,毕业
67818,肄业
67819,肄业
67820,毕业
67821,肄业
67822,在读
67823,毕业
67824,肄业
67825,肄业
67826,毕业
67827,毕业
67828,毕业
67829,肄业
67830,毕业
67831,在读
67832,在读
67833,肄业
67834,毕业
67835,肄业
67836,毕业
67837,毕业
67838,肄业
67839,肄业
67840,肄业
67841,毕业
67842,毕业
67843,肄业
67844,毕业
67845,毕业
67846,毕业
67847,毕业
67848,肄业
67849,毕业
67850,毕业
67851,毕业
67852,在读
67853,肄业
67854,肄业
67855,毕业
67856,毕业
67857,毕业
67858,毕业
67859,肄业
67860,毕业
67861,肄业
67862,毕业
67863,在读
67864,在读
67865,在读
67866,毕业
67867,毕业
67868,肄业
67869,肄业
67870,毕业
67871,在读
67872,毕业
67873,毕业
67874,毕业
67875,毕业
67876,毕业
67877,毕业
67878,毕业
67879,毕业
67880,毕业
67881,在读
67882,在读
67883,肄业
67884,肄业
67885,毕业
67886,毕业
67887,毕业
67888,肄业
67889,毕业
67890,毕业
67891,在读
67892,在读
67893,在读
67894,毕业
67895,毕业
67896,毕业
67897,毕业
67898,肄业
67899,毕业
67900,肄业
67901,毕业
67902,肄业
67903,在读
67904,毕业
67905,在读
67906,肄业
67907,毕业
67908,肄业
67909,在读
67910,在读
67911,毕业
67912,肄业
67913,毕业
67914,毕业
67915,毕业
67916,毕业
67917,在读
67918,毕业
67919,毕业
67920,毕业
67921,肄业
67922,在读
67923,在读
67924,肄业
67925,毕业
67926,毕业
67927,在读
67928,肄业
67929,毕业
67930,肄业
67931,在读
67932,在读
67933,毕业
67934,毕业
67935,肄业
67936,肄业
67937,肄业
67938,肄业
67939,在读
67940,毕业
67941,毕业
67942,肄业
67943,毕业
67944,肄业
67945,在读
67946,毕业
67947,毕业
67948,毕业
67949,在读
67950,毕业
67951,毕业
67952,在读
67953,肄业
67954,肄业
67955,在读
67956,肄业
67957,肄业
67958,肄业
67959,肄业
67960,肄业
67961,肄业
67962,毕业
67963,在读
67964,在读
67965,毕业
67966,毕业
67967,毕业
67968,毕业
67969,肄业
67970,毕业
67971,在读
67972,毕业
67973,毕业
67974,毕业
67975,毕业
67976,毕业
67977,肄业
67978,肄业
67979,肄业
67980,毕业
67981,毕业
67982,在读
67983,在读
67984,毕业
67985,毕业
67986,毕业
67987,毕业
67988,毕业
67989,在读
67990,肄业
67991,肄业
67992,毕业
67993,毕业
67994,肄业
67995,肄业
67996,毕业
67997,毕业
67998,肄业
67999,毕业
68000,毕业
68001,毕业
68002,毕业
68003,肄业
68004,肄业
68005,毕业
68006,毕业
68007,肄业
68008,肄业
68009,在读
68010,肄业
68011,毕业
68012,毕业
68013,在读
68014,肄业
68015,肄业
68016,肄业
68017,肄业
68018,毕业
68019,肄业
68020,肄业
68021,毕业
68022,毕业
68023,毕业
68024,肄业
68025,肄业
68026,毕业
68027,肄业
68028,毕业
68029,毕业
68030,毕业
68031,毕业
68032,肄业
68033,毕业
68034,在读
68035,毕业
68036,毕业
68037,毕业
68038,在读
68039,肄业
68040,肄业
68041,在读
68042,肄业
68043,毕业
68044,在读
68045,在读
68046,肄业
68047,毕业
68048,肄业
68049,毕业
68050,毕业
68051,毕业
68052,在读
68053,在读
68054,毕业
68055,肄业
68056,肄业
68057,毕业
68058,肄业
68059,毕业
68060,肄业
68061,在读
68062,肄业
68063,肄业
68064,毕业
68065,毕业
68066,在读
68067,毕业
68068,肄业
68069,毕业
68070,毕业
68071,肄业
68072,肄业
68073,毕业
68074,毕业
68075,毕业
68076,在读
68077,在读
68078,毕业
68079,肄业
68080,毕业
68081,毕业
68082,毕业
68083,在读
68084,肄业
68085,毕业
68086,在读
68087,肄业
68088,毕业
68089,毕业
68090,毕业
68091,毕业
68092,在读
68093,毕业
68094,毕业
68095,肄业
68096,在读
68097,毕业
68098,毕业
68099,毕业
68100,肄业
68101,肄业
68102,在读
68103,在读
68104,肄业
68105,毕业
68106,毕业
68107,在读
68108,肄业
68109,肄业
68110,毕业
68111,毕业
68112,毕业
68113,毕业
68114,毕业
68115,在读
68116,毕业
68117,毕业
68118,在读
68119,肄业
68120,毕业
68121,肄业
68122,毕业
68123,肄业
68124,肄业
68125,肄业
68126,毕业
68127,在读
68128,毕业
68129,毕业
68130,肄业
68131,肄业
68132,毕业
68133,肄业
68134,肄业
68135,毕业
68136,肄业
68137,毕业
68138,毕业
68139,毕业
68140,毕业
68141,肄业
68142,毕业
68143,在读
68144,毕业
68145,肄业
68146,毕业
68147,肄业
68148,毕业
68149,肄业
68150,肄业
68151,毕业
68152,肄业
68153,毕业
68154,肄业
68155,毕业
68156,毕业
68157,在读
68158,毕业
68159,在读
68160,毕业
68161,肄业
68162,肄业
68163,肄业
68164,毕业
68165,在读
68166,在读
68167,肄业
68168,毕业
68169,毕业
68170,肄业
68171,在读
68172,肄业
68173,肄业
68174,肄业
68175,毕业
68176,肄业
68177,毕业
68178,毕业
68179,毕业
68180,在读
68181,肄业
68182,肄业
68183,在读
68184,毕业
68185,肄业
68186,毕业
68187,毕业
68188,在读
68189,肄业
68190,毕业
68191,在读
68192,毕业
68193,毕业
68194,毕业
68195,毕业
68196,毕业
68197,毕业
68198,毕业
68199,在读
68200,肄业
68201,在读
68202,在读
68203,毕业
68204,肄业
68205,毕业
68206,毕业
68207,肄业
68208,毕业
68209,在读
68210,在读
68211,毕业
68212,肄业
68213,毕业
68214,肄业
68215,毕业
68216,毕业
68217,肄业
68218,在读
68219,肄业
68220,肄业
68221,毕业
68222,毕业
68223,毕业
68224,肄业
68225,肄业
68226,毕业
68227,在读
68228,肄业
68229,肄业
68230,肄业
68231,肄业
68232,毕业
68233,毕业
68234,在读
68235,在读
68236,肄业
68237,毕业
68238,毕业
68239,肄业
68240,毕业
68241,肄业
68242,肄业
68243,肄业
68244,在读
68245,毕业
68246,在读
68247,在读
68248,毕业
68249,毕业
68250,在读
68251,毕业
68252,毕业
68253,毕业
68254,在读
68255,肄业
68256,毕业
68257,在读
68258,毕业
68259,肄业
68260,毕业
68261,毕业
68262,在读
68263,肄业
68264,毕业
68265,毕业
68266,毕业
68267,毕业
68268,毕业
68269,毕业
68270,在读
68271,肄业
68272,毕业
68273,肄业
68274,毕业
68275,毕业
68276,肄业
68277,肄业
68278,毕业
68279,毕业
68280,肄业
68281,毕业
68282,毕业
68283,毕业
68284,毕业
68285,肄业
68286,肄业
68287,毕业
68288,肄业
68289,肄业
68290,在读
68291,肄业
68292,肄业
68293,毕业
68294,在读
68295,在读
68296,毕业
68297,毕业
68298,毕业
68299,肄业
68300,毕业
68301,毕业
68302,毕业
68303,在读
68304,毕业
68305,肄业
68306,在读
68307,毕业
68308,毕业
68309,毕业
68310,肄业
68311,肄业
68312,在读
68313,毕业
68314,毕业
68315,毕业
68316,毕业
68317,毕业
68318,肄业
68319,毕业
68320,毕业
68321,在读
68322,肄业
68323,毕业
68324,毕业
68325,毕业
68326,肄业
68327,毕业
68328,肄业
68329,毕业
68330,毕业
68331,毕业
68332,毕业
68333,肄业
68334,肄业
68335,毕业
68336,毕业
68337,毕业
68338,毕业
68339,肄业
68340,肄业
68341,毕业
68342,肄业
68343,肄业
68344,毕业
68345,毕业
68346,毕业
68347,毕业
68348,肄业
68349,在读
68350,毕业
68351,肄业
68352,肄业
68353,肄业
68354,在读
68355,肄业
68356,毕业
68357,毕业
68358,肄业
68359,毕业
68360,毕业
68361,毕业
68362,毕业
68363,肄业
68364,肄业
68365,毕业
68366,肄业
68367,肄业
68368,毕业
68369,毕业
68370,毕业
68371,毕业
68372,毕业
68373,肄业
68374,肄业
68375,毕业
68376,毕业
68377,毕业
68378,毕业
68379,毕业
68380,肄业
68381,毕业
68382,毕业
68383,肄业
68384,毕业
68385,毕业
68386,在读
68387,肄业
68388,毕业
68389,肄业
68390,毕业
68391,毕业
68392,肄业
68393,肄业
68394,毕业
68395,毕业
68396,肄业
68397,毕业
68398,毕业
68399,毕业
68400,肄业
68401,肄业
68402,肄业
68403,在读
68404,肄业
68405,毕业
68406,毕业
68407,毕业
68408,毕业
68409,在读
68410,肄业
68411,肄业
68412,在读
68413,肄业
68414,毕业
68415,毕业
68416,肄业
68417,毕业
68418,肄业
68419,毕业
68420,在读
68421,在读
68422,在读
68423,毕业
68424,毕业
68425,肄业
68426,在读
68427,肄业
68428,肄业
68429,毕业
68430,毕业
68431,毕业
68432,毕业
68433,肄业
68434,毕业
68435,在读
68436,毕业
68437,肄业
68438,在读
68439,毕业
68440,在读
68441,毕业
68442,肄业
68443,肄业
68444,在读
68445,毕业
68446,毕业
68447,毕业
68448,在读
68449,毕业
68450,肄业
68451,在读
68452,在读
68453,毕业
68454,毕业
68455,毕业
68456,在读
68457,肄业
68458,在读
68459,肄业
68460,毕业
68461,毕业
68462,毕业
68463,毕业
68464,毕业
68465,肄业
68466,肄业
68467,肄业
68468,肄业
68469,毕业
68470,毕业
68471,肄业
68472,毕业
68473,毕业
68474,毕业
68475,在读
68476,毕业
68477,毕业
68478,在读
68479,毕业
68480,毕业
68481,肄业
68482,毕业
68483,肄业
68484,毕业
68485,在读
68486,毕业
68487,肄业
68488,毕业
68489,肄业
68490,肄业
68491,毕业
68492,在读
68493,毕业
68494,毕业
68495,肄业
68496,肄业
68497,在读
68498,毕业
68499,毕业
68500,毕业
68501,毕业
68502,肄业
68503,肄业
68504,在读
68505,在读
68506,肄业
68507,毕业
68508,毕业
68509,毕业
68510,毕业
68511,在读
68512,肄业
68513,在读
68514,肄业
68515,毕业
68516,毕业
68517,肄业
68518,毕业
68519,毕业
68520,肄业
68521,肄业
68522,毕业
68523,肄业
68524,毕业
68525,毕业
68526,在读
68527,毕业
68528,在读
68529,毕业
68530,毕业
68531,在读
68532,肄业
68533,肄业
68534,肄业
68535,毕业
68536,在读
68537,毕业
68538,肄业
68539,毕业
68540,毕业
68541,在读
68542,在读
68543,毕业
68544,肄业
68545,毕业
68546,肄业
68547,毕业
68548,毕业
68549,毕业
68550,在读
68551,在读
68552,肄业
68553,肄业
68554,毕业
68555,在读
68556,毕业
68557,毕业
68558,在读
68559,在读
68560,毕业
68561,毕业
68562,毕业
68563,肄业
68564,毕业
68565,肄业
68566,毕业
68567,肄业
68568,毕业
68569,肄业
68570,肄业
68571,肄业
68572,在读
68573,肄业
68574,在读
68575,在读
68576,毕业
68577,在读
68578,肄业
68579,在读
68580,毕业
68581,毕业
68582,毕业
68583,毕业
68584,毕业
68585,肄业
68586,毕业
68587,毕业
68588,在读
68589,肄业
68590,毕业
68591,毕业
68592,毕业
68593,毕业
68594,肄业
68595,在读
68596,肄业
68597,毕业
68598,毕业
68599,肄业
68600,毕业
68601,肄业
68602,毕业
68603,肄业
68604,肄业
68605,毕业
68606,毕业
68607,肄业
68608,在读
68609,肄业
68610,肄业
68611,在读
68612,肄业
68613,毕业
68614,肄业
68615,毕业
68616,肄业
68617,毕业
68618,肄业
68619,毕业
68620,肄业
68621,在读
68622,肄业
68623,在读
68624,毕业
68625,在读
68626,毕业
68627,肄业
68628,肄业
68629,毕业
68630,毕业
68631,毕业
68632,毕业
68633,毕业
68634,肄业
68635,毕业
68636,肄业
68637,毕业
68638,肄业
68639,毕业
68640,毕业
68641,肄业
68642,肄业
68643,毕业
68644,在读
68645,毕业
68646,毕业
68647,肄业
68648,肄业
68649,毕业
68650,毕业
68651,毕业
68652,肄业
68653,毕业
68654,肄业
68655,在读
68656,肄业
68657,毕业
68658,毕业
68659,肄业
68660,在读
68661,肄业
68662,肄业
68663,毕业
68664,毕业
68665,毕业
68666,毕业
68667,在读
68668,毕业
68669,肄业
68670,在读
68671,毕业
68672,毕业
68673,毕业
68674,毕业
68675,毕业
68676,毕业
68677,毕业
68678,肄业
68679,毕业
68680,毕业
68681,肄业
68682,毕业
68683,在读
68684,毕业
68685,毕业
68686,肄业
68687,肄业
68688,毕业
68689,肄业
68690,毕业
68691,毕业
68692,肄业
68693,在读
68694,毕业
68695,在读
68696,在读
68697,毕业
68698,在读
68699,肄业
68700,肄业
68701,肄业
68702,毕业
68703,肄业
68704,毕业
68705,肄业
68706,肄业
68707,毕业
68708,毕业
68709,毕业
68710,毕业
68711,毕业
68712,毕业
68713,肄业
68714,在读
68715,在读
68716,毕业
68717,肄业
68718,毕业
68719,毕业
68720,肄业
68721,毕业
68722,毕业
68723,在读
68724,毕业
68725,在读
68726,毕业
68727,肄业
68728,肄业
68729,毕业
68730,肄业
68731,肄业
68732,肄业
68733,毕业
68734,在读
68735,毕业
68736,毕业
68737,毕业
68738,毕业
68739,在读
68740,毕业
68741,在读
68742,肄业
68743,在读
68744,在读
68745,肄业
68746,在读
68747,毕业
68748,在读
68749,毕业
68750,肄业
68751,毕业
68752,毕业
68753,肄业
68754,毕业
68755,毕业
68756,在读
68757,肄业
68758,肄业
68759,毕业
68760,肄业
68761,毕业
68762,毕业
68763,在读
68764,毕业
68765,在读
68766,肄业
68767,毕业
68768,毕业
68769,毕业
68770,毕业
68771,毕业
68772,毕业
68773,肄业
68774,肄业
68775,在读
68776,毕业
68777,毕业
68778,毕业
68779,在读
68780,毕业
68781,肄业
68782,毕业
68783,毕业
68784,毕业
68785,毕业
68786,毕业
68787,肄业
68788,肄业
68789,肄业
68790,毕业
68791,肄业
68792,毕业
68793,肄业
68794,毕业
68795,毕业
68796,毕业
68797,肄业
68798,毕业
68799,毕业
68800,肄业
68801,毕业
68802,毕业
68803,肄业
68804,肄业
68805,毕业
68806,毕业
68807,毕业
68808,肄业
68809,肄业
68810,毕业
68811,肄业
68812,毕业
68813,毕业
68814,毕业
68815,毕业
68816,在读
68817,在读
68818,毕业
68819,肄业
68820,毕业
68821,肄业
68822,肄业
68823,毕业
68824,毕业
68825,肄业
68826,毕业
68827,毕业
68828,毕业
68829,毕业
68830,毕业
68831,在读
68832,肄业
68833,在读
68834,毕业
68835,毕业
68836,在读
68837,肄业
68838,毕业
68839,肄业
68840,在读
68841,肄业
68842,肄业
68843,毕业
68844,毕业
68845,毕业
68846,毕业
68847,毕业
68848,肄业
68849,毕业
68850,在读
68851,毕业
68852,肄业
68853,毕业
68854,肄业
68855,肄业
68856,肄业
68857,肄业
68858,毕业
68859,毕业
68860,毕业
68861,毕业
68862,毕业
68863,肄业
68864,毕业
68865,毕业
68866,毕业
68867,毕业
68868,肄业
68869,肄业
68870,毕业
68871,毕业
68872,在读
68873,毕业
68874,毕业
68875,毕业
68876,毕业
68877,毕业
68878,肄业
68879,在读
68880,在读
68881,毕业
68882,毕业
68883,在读
68884,肄业
68885,毕业
68886,肄业
68887,在读
68888,肄业
68889,在读
68890,肄业
68891,肄业
68892,肄业
68893,毕业
68894,在读
68895,毕业
68896,毕业
68897,毕业
68898,肄业
68899,毕业
68900,在读
68901,在读
68902,肄业
68903,肄业
68904,在读
68905,毕业
68906,在读
68907,毕业
68908,肄业
68909,在读
68910,毕业
68911,毕业
68912,肄业
68913,毕业
68914,在读
68915,肄业
68916,毕业
68917,毕业
68918,毕业
68919,肄业
68920,肄业
68921,在读
68922,毕业
68923,毕业
68924,毕业
68925,肄业
68926,毕业
68927,在读
68928,毕业
68929,在读
68930,在读
68931,在读
68932,在读
68933,毕业
68934,在读
68935,肄业
68936,肄业
68937,毕业
68938,肄业
68939,毕业
68940,毕业
68941,毕业
68942,在读
68943,在读
68944,毕业
68945,在读
68946,肄业
68947,毕业
68948,毕业
68949,毕业
68950,肄业
68951,毕业
68952,肄业
68953,毕业
68954,毕业
68955,肄业
68956,在读
68957,肄业
68958,毕业
68959,在读
68960,肄业
68961,毕业
68962,毕业
68963,毕业
68964,毕业
68965,毕业
68966,在读
68967,在读
68968,毕业
68969,毕业
68970,肄业
68971,肄业
68972,毕业
68973,肄业
68974,毕业
68975,毕业
68976,肄业
68977,在读
68978,肄业
68979,肄业
68980,肄业
68981,毕业
68982,毕业
68983,毕业
68984,毕业
68985,肄业
68986,肄业
68987,肄业
68988,毕业
68989,肄业
68990,肄业
68991,毕业
68992,毕业
68993,在读
68994,肄业
68995,毕业
68996,在读
68997,毕业
68998,肄业
68999,毕业
69000,毕业
69001,毕业
69002,毕业
69003,在读
69004,毕业
69005,毕业
69006,毕业
69007,肄业
69008,毕业
69009,在读
69010,毕业
69011,毕业
69012,毕业
69013,毕业
69014,肄业
69015,毕业
69016,肄业
69017,肄业
69018,毕业
69019,毕业
69020,在读
69021,在读
69022,毕业
69023,毕业
69024,毕业
69025,毕业
69026,肄业
69027,毕业
69028,在读
69029,肄业
69030,在读
69031,毕业
69032,毕业
69033,肄业
69034,肄业
69035,在读
69036,毕业
69037,毕业
69038,毕业
69039,毕业
69040,毕业
69041,毕业
69042,肄业
69043,肄业
69044,毕业
69045,肄业
69046,毕业
69047,肄业
69048,肄业
69049,肄业
69050,毕业
69051,肄业
69052,在读
69053,毕业
69054,肄业
69055,毕业
69056,毕业
69057,毕业
69058,毕业
69059,毕业
69060,在读
69061,在读
69062,在读
69063,毕业
69064,毕业
69065,在读
69066,毕业
69067,肄业
69068,毕业
69069,毕业
69070,毕业
69071,毕业
69072,在读
69073,在读
69074,毕业
69075,肄业
69076,肄业
69077,毕业
69078,肄业
69079,毕业
69080,毕业
69081,肄业
69082,毕业
69083,毕业
69084,毕业
69085,毕业
69086,毕业
69087,肄业
69088,在读
69089,毕业
69090,毕业
69091,肄业
69092,在读
69093,在读
69094,毕业
69095,毕业
69096,在读
69097,毕业
69098,毕业
69099,肄业
69100,毕业
69101,毕业
69102,毕业
69103,肄业
69104,肄业
69105,毕业
69106,肄业
69107,肄业
69108,毕业
69109,在读
69110,肄业
69111,在读
69112,毕业
69113,肄业
69114,毕业
69115,毕业
69116,肄业
69117,毕业
69118,在读
69119,肄业
69120,在读
69121,毕业
69122,肄业
69123,在读
69124,毕业
69125,毕业
69126,在读
69127,毕业
69128,毕业
69129,毕业
69130,肄业
69131,肄业
69132,毕业
69133,肄业
69134,肄业
69135,毕业
69136,肄业
69137,肄业
69138,在读
69139,肄业
69140,毕业
69141,肄业
69142,毕业
69143,肄业
69144,毕业
69145,肄业
69146,毕业
69147,毕业
69148,毕业
69149,毕业
69150,在读
69151,在读
69152,肄业
69153,毕业
69154,肄业
69155,毕业
69156,毕业
69157,肄业
69158,毕业
69159,肄业
69160,肄业
69161,肄业
69162,肄业
69163,毕业
69164,在读
69165,毕业
69166,毕业
69167,毕业
69168,肄业
69169,在读
69170,肄业
69171,毕业
69172,肄业
69173,肄业
69174,毕业
69175,在读
69176,肄业
69177,肄业
69178,毕业
69179,肄业
69180,毕业
69181,在读
69182,在读
69183,毕业
69184,毕业
69185,毕业
69186,在读
69187,肄业
69188,肄业
69189,毕业
69190,毕业
69191,毕业
69192,在读
69193,毕业
69194,肄业
69195,肄业
69196,肄业
69197,毕业
69198,毕业
69199,毕业
69200,毕业
69201,毕业
69202,毕业
69203,毕业
69204,在读
69205,毕业
69206,毕业
69207,毕业
69208,肄业
69209,毕业
69210,毕业
69211,肄业
69212,毕业
69213,肄业
69214,毕业
69215,肄业
69216,在读
69217,毕业
69218,毕业
69219,肄业
69220,肄业
69221,肄业
69222,毕业
69223,毕业
69224,毕业
69225,毕业
69226,肄业
69227,肄业
69228,肄业
69229,毕业
69230,毕业
69231,毕业
69232,毕业
69233,毕业
69234,毕业
69235,毕业
69236,毕业
69237,毕业
69238,肄业
69239,肄业
69240,毕业
69241,毕业
69242,毕业
69243,毕业
69244,肄业
69245,肄业
69246,在读
69247,肄业
69248,肄业
69249,毕业
69250,毕业
69251,在读
69252,肄业
69253,肄业
69254,在读
69255,在读
69256,毕业
69257,在读
69258,在读
69259,肄业
69260,毕业
69261,毕业
69262,毕业
69263,毕业
69264,毕业
69265,毕业
69266,毕业
69267,毕业
69268,毕业
69269,毕业
69270,肄业
69271,毕业
69272,毕业
69273,毕业
69274,毕业
69275,毕业
69276,毕业
69277,肄业
69278,毕业
69279,肄业
69280,在读
69281,毕业
69282,肄业
69283,毕业
69284,毕业
69285,肄业
69286,在读
69287,在读
69288,肄业
69289,肄业
69290,毕业
69291,毕业
69292,在读
69293,毕业
69294,毕业
69295,毕业
69296,毕业
69297,在读
69298,肄业
69299,肄业
69300,毕业
69301,毕业
69302,毕业
69303,毕业
69304,在读
69305,毕业
69306,肄业
69307,在读
69308,毕业
69309,肄业
69310,在读
69311,毕业
69312,肄业
69313,肄业
69314,肄业
69315,在读
69316,肄业
69317,肄业
69318,毕业
69319,肄业
69320,毕业
69321,在读
69322,毕业
69323,毕业
69324,肄业
69325,肄业
69326,毕业
69327,在读
69328,在读
69329,毕业
69330,肄业
69331,毕业
69332,在读
69333,在读
69334,毕业
69335,毕业
69336,在读
69337,毕业
69338,毕业
69339,毕业
69340,毕业
69341,毕业
69342,毕业
69343,肄业
69344,肄业
69345,肄业
69346,毕业
69347,在读
69348,肄业
69349,毕业
69350,在读
69351,在读
69352,毕业
69353,在读
69354,肄业
69355,肄业
69356,肄业
69357,毕业
69358,毕业
69359,肄业
69360,毕业
69361,肄业
69362,肄业
69363,毕业
69364,肄业
69365,肄业
69366,毕业
69367,在读
69368,毕业
69369,毕业
69370,毕业
69371,毕业
69372,肄业
69373,毕业
69374,毕业
69375,肄业
69376,肄业
69377,毕业
69378,肄业
69379,毕业
69380,毕业
69381,在读
69382,肄业
69383,毕业
69384,毕业
69385,肄业
69386,在读
69387,毕业
69388,毕业
69389,在读
69390,毕业
69391,毕业
69392,在读
69393,在读
69394,在读
69395,毕业
69396,毕业
69397,肄业
69398,肄业
69399,毕业
69400,肄业
69401,在读
69402,毕业
69403,毕业
69404,肄业
69405,毕业
69406,毕业
69407,肄业
69408,毕业
69409,毕业
69410,毕业
69411,肄业
69412,在读
69413,毕业
69414,肄业
69415,肄业
69416,毕业
69417,肄业
69418,肄业
69419,肄业
69420,毕业
69421,肄业
69422,毕业
69423,毕业
69424,毕业
69425,肄业
69426,肄业
69427,肄业
69428,肄业
69429,肄业
69430,毕业
69431,毕业
69432,在读
69433,毕业
69434,毕业
69435,毕业
69436,毕业
69437,毕业
69438,肄业
69439,毕业
69440,肄业
69441,在读
69442,毕业
69443,在读
69444,在读
69445,毕业
69446,毕业
69447,肄业
69448,毕业
69449,肄业
69450,毕业
69451,毕业
69452,肄业
69453,肄业
69454,在读
69455,毕业
69456,毕业
69457,毕业
69458,肄业
69459,毕业
69460,在读
69461,毕业
69462,毕业
69463,肄业
69464,在读
69465,肄业
69466,肄业
69467,毕业
69468,肄业
69469,在读
69470,毕业
69471,肄业
69472,毕业
69473,在读
69474,在读
69475,肄业
69476,在读
69477,毕业
69478,在读
69479,毕业
69480,毕业
69481,毕业
69482,毕业
69483,肄业
69484,毕业
69485,毕业
69486,肄业
69487,在读
69488,毕业
69489,毕业
69490,毕业
69491,在读
69492,肄业
69493,毕业
69494,在读
69495,肄业
69496,在读
69497,毕业
69498,毕业
69499,在读
69500,毕业
69501,在读
69502,毕业
69503,毕业
69504,毕业
69505,肄业
69506,毕业
69507,在读
69508,肄业
69509,毕业
69510,在读
69511,肄业
69512,毕业
69513,肄业
69514,在读
69515,肄业
69516,毕业
69517,在读
69518,肄业
69519,肄业
69520,在读
69521,毕业
69522,毕业
69523,毕业
69524,肄业
69525,毕业
69526,肄业
69527,肄业
69528,在读
69529,在读
69530,在读
69531,毕业
69532,肄业
69533,毕业
69534,在读
69535,毕业
69536,肄业
69537,毕业
69538,毕业
69539,肄业
69540,在读
69541,在读
69542,毕业
69543,毕业
69544,毕业
69545,毕业
69546,毕业
69547,毕业
69548,毕业
69549,毕业
69550,肄业
69551,毕业
69552,肄业
69553,肄业
69554,毕业
69555,肄业
69556,毕业
69557,毕业
69558,在读
69559,在读
69560,毕业
69561,毕业
69562,肄业
69563,在读
69564,毕业
69565,肄业
69566,毕业
69567,在读
69568,毕业
69569,在读
69570,毕业
69571,毕业
69572,肄业
69573,毕业
69574,毕业
69575,肄业
69576,在读
69577,毕业
69578,毕业
69579,肄业
69580,毕业
69581,肄业
69582,毕业
69583,肄业
69584,毕业
69585,毕业
69586,毕业
69587,毕业
69588,毕业
69589,肄业
69590,肄业
69591,肄业
69592,在读
69593,在读
69594,肄业
69595,毕业
69596,毕业
69597,毕业
69598,毕业
69599,肄业
69600,毕业
69601,肄业
69602,肄业
69603,毕业
69604,在读
69605,毕业
69606,毕业
69607,肄业
69608,毕业
69609,肄业
69610,毕业
69611,肄业
69612,肄业
69613,毕业
69614,在读
69615,毕业
69616,毕业
69617,肄业
69618,肄业
69619,毕业
69620,在读
69621,在读
69622,肄业
69623,毕业
69624,毕业
69625,肄业
69626,肄业
69627,毕业
69628,毕业
69629,肄业
69630,毕业
69631,肄业
69632,毕业
69633,在读
69634,肄业
69635,肄业
69636,毕业
69637,毕业
69638,肄业
69639,在读
69640,毕业
69641,毕业
69642,毕业
69643,毕业
69644,在读
69645,在读
69646,肄业
69647,在读
69648,毕业
69649,毕业
69650,肄业
69651,在读
69652,在读
69653,肄业
69654,肄业
69655,毕业
69656,毕业
69657,毕业
69658,毕业
69659,毕业
69660,在读
69661,毕业
69662,肄业
69663,毕业
69664,毕业
69665,毕业
69666,毕业
69667,毕业
69668,肄业
69669,在读
69670,毕业
69671,肄业
69672,肄业
69673,在读
69674,肄业
69675,毕业
69676,毕业
69677,毕业
69678,肄业
69679,肄业
69680,毕业
69681,毕业
69682,在读
69683,毕业
69684,毕业
69685,毕业
69686,毕业
69687,毕业
69688,毕业
69689,毕业
69690,毕业
69691,在读
69692,在读
69693,毕业
69694,在读
69695,毕业
69696,毕业
69697,肄业
69698,在读
69699,肄业
69700,毕业
69701,肄业
69702,在读
69703,肄业
69704,肄业
69705,肄业
69706,毕业
69707,毕业
69708,毕业
69709,毕业
69710,在读
69711,在读
69712,毕业
69713,毕业
69714,毕业
69715,毕业
69716,毕业
69717,在读
69718,在读
69719,在读
69720,在读
69721,在读
69722,毕业
69723,肄业
69724,肄业
69725,毕业
69726,肄业
69727,毕业
69728,毕业
69729,毕业
69730,肄业
69731,肄业
69732,毕业
69733,肄业
69734,毕业
69735,肄业
69736,肄业
69737,肄业
69738,毕业
69739,毕业
69740,毕业
69741,毕业
69742,肄业
69743,毕业
69744,在读
69745,在读
69746,毕业
69747,毕业
69748,肄业
69749,毕业
69750,肄业
69751,毕业
69752,毕业
69753,肄业
69754,毕业
69755,在读
69756,在读
69757,毕业
69758,毕业
69759,肄业
69760,在读
69761,肄业
69762,毕业
69763,毕业
69764,肄业
69765,毕业
69766,毕业
69767,毕业
69768,毕业
69769,肄业
69770,在读
69771,毕业
69772,肄业
69773,在读
69774,肄业
69775,毕业
69776,在读
69777,肄业
69778,在读
69779,在读
69780,肄业
69781,毕业
69782,毕业
69783,毕业
69784,毕业
69785,毕业
69786,毕业
69787,肄业
69788,肄业
69789,毕业
69790,毕业
69791,肄业
69792,在读
69793,肄业
69794,毕业
69795,肄业
69796,毕业
69797,毕业
69798,在读
69799,肄业
69800,毕业
69801,在读
69802,肄业
69803,在读
69804,毕业
69805,在读
69806,肄业
69807,毕业
69808,毕业
69809,在读
69810,毕业
69811,在读
69812,毕业
69813,毕业
69814,在读
69815,毕业
69816,肄业
69817,毕业
69818,肄业
69819,在读
69820,肄业
69821,毕业
69822,在读
69823,毕业
69824,在读
69825,肄业
69826,毕业
69827,毕业
69828,毕业
69829,毕业
69830,毕业
69831,毕业
69832,肄业
69833,毕业
69834,毕业
69835,在读
69836,毕业
69837,肄业
69838,毕业
69839,肄业
69840,毕业
69841,毕业
69842,毕业
69843,在读
69844,毕业
69845,毕业
69846,毕业
69847,肄业
69848,在读
69849,在读
69850,肄业
69851,肄业
69852,在读
69853,毕业
69854,肄业
69855,毕业
69856,肄业
69857,毕业
69858,肄业
69859,毕业
69860,毕业
69861,肄业
69862,毕业
69863,肄业
69864,毕业
69865,肄业
69866,肄业
69867,毕业
69868,肄业
69869,肄业
69870,毕业
69871,毕业
69872,肄业
69873,毕业
69874,肄业
69875,肄业
69876,在读
69877,毕业
69878,毕业
69879,在读
69880,在读
69881,毕业
69882,在读
69883,在读
69884,毕业
69885,毕业
69886,肄业
69887,肄业
69888,毕业
69889,在读
69890,在读
69891,毕业
69892,肄业
69893,毕业
69894,肄业
69895,肄业
69896,在读
69897,肄业
69898,毕业
69899,在读
69900,在读
69901,肄业
69902,肄业
69903,毕业
69904,毕业
69905,毕业
69906,肄业
69907,肄业
69908,在读
69909,肄业
69910,肄业
69911,毕业
69912,毕业
69913,毕业
69914,毕业
69915,毕业
69916,在读
69917,毕业
69918,在读
69919,毕业
69920,在读
69921,毕业
69922,肄业
69923,毕业
69924,毕业
69925,在读
69926,毕业
69927,在读
69928,毕业
69929,肄业
69930,毕业
69931,在读
69932,肄业
69933,毕业
69934,肄业
69935,肄业
69936,肄业
69937,在读
69938,肄业
69939,肄业
69940,在读
69941,毕业
69942,毕业
69943,毕业
69944,毕业
69945,在读
69946,毕业
69947,毕业
69948,毕业
69949,毕业
69950,毕业
69951,在读
69952,毕业
69953,肄业
69954,毕业
69955,肄业
69956,肄业
69957,肄业
69958,毕业
69959,在读
69960,毕业
69961,肄业
69962,毕业
69963,毕业
69964,肄业
69965,毕业
69966,肄业
69967,毕业
69968,毕业
69969,在读
69970,毕业
69971,毕业
69972,毕业
69973,毕业
69974,毕业
69975,在读
69976,在读
69977,毕业
69978,肄业
69979,毕业
69980,在读
69981,肄业
69982,毕业
69983,毕业
69984,毕业
69985,毕业
69986,肄业
69987,毕业
69988,肄业
69989,毕业
69990,肄业
69991,毕业
69992,毕业
69993,毕业
69994,肄业
69995,在读
69996,毕业
69997,毕业
69998,毕业
69999,肄业
70000,毕业
70001,在读
70002,毕业
70003,肄业
70004,肄业
70005,肄业
70006,在读
70007,毕业
70008,在读
70009,毕业
70010,毕业
70011,肄业
70012,毕业
70013,毕业
70014,毕业
70015,毕业
70016,毕业
70017,肄业
70018,毕业
70019,在读
70020,毕业
70021,在读
70022,肄业
70023,毕业
70024,毕业
70025,毕业
70026,肄业
70027,肄业
70028,在读
70029,毕业
70030,肄业
70031,肄业
70032,毕业
70033,肄业
70034,毕业
70035,毕业
70036,肄业
70037,毕业
70038,在读
70039,在读
70040,毕业
70041,毕业
70042,毕业
70043,在读
70044,肄业
70045,毕业
70046,在读
70047,毕业
70048,肄业
70049,肄业
70050,在读
70051,毕业
70052,毕业
70053,肄业
70054,在读
70055,肄业
70056,肄业
70057,肄业
70058,在读
70059,在读
70060,毕业
70061,肄业
70062,肄业
70063,毕业
70064,肄业
70065,肄业
70066,肄业
70067,在读
70068,肄业
70069,毕业
70070,毕业
70071,毕业
70072,在读
70073,毕业
70074,毕业
70075,在读
70076,在读
70077,毕业
70078,毕业
70079,毕业
70080,在读
70081,在读
70082,毕业
70083,在读
70084,毕业
70085,毕业
70086,肄业
70087,毕业
70088,毕业
70089,肄业
70090,在读
70091,肄业
70092,毕业
70093,毕业
70094,肄业
70095,毕业
70096,肄业
70097,毕业
70098,肄业
70099,毕业
70100,肄业
70101,毕业
70102,毕业
70103,毕业
70104,毕业
70105,肄业
70106,毕业
70107,毕业
70108,肄业
70109,在读
70110,毕业
70111,肄业
70112,毕业
70113,肄业
70114,肄业
70115,毕业
70116,毕业
70117,在读
70118,毕业
70119,毕业
70120,毕业
70121,毕业
70122,毕业
70123,在读
70124,肄业
70125,肄业
70126,肄业
70127,在读
70128,在读
70129,肄业
70130,毕业
70131,毕业
70132,毕业
70133,毕业
70134,毕业
70135,毕业
70136,肄业
70137,毕业
70138,在读
70139,毕业
70140,毕业
70141,毕业
70142,毕业
70143,在读
70144,肄业
70145,毕业
70146,毕业
70147,肄业
70148,肄业
70149,毕业
70150,肄业
70151,毕业
70152,肄业
70153,在读
70154,肄业
70155,毕业
70156,在读
70157,肄业
70158,在读
70159,肄业
70160,毕业
70161,毕业
70162,毕业
70163,在读
70164,肄业
70165,在读
70166,毕业
70167,在读
70168,毕业
70169,肄业
70170,肄业
70171,毕业
70172,毕业
70173,毕业
70174,毕业
70175,毕业
70176,毕业
70177,毕业
70178,毕业
70179,毕业
70180,毕业
70181,肄业
70182,肄业
70183,毕业
70184,在读
70185,毕业
70186,肄业
70187,肄业
70188,肄业
70189,在读
70190,肄业
70191,毕业
70192,毕业
70193,毕业
70194,毕业
70195,毕业
70196,毕业
70197,肄业
70198,毕业
70199,毕业
70200,肄业
70201,肄业
70202,肄业
70203,毕业
70204,在读
70205,毕业
70206,毕业
70207,毕业
70208,毕业
70209,在读
70210,毕业
70211,毕业
70212,肄业
70213,毕业
70214,在读
70215,在读
70216,毕业
70217,在读
70218,毕业
70219,肄业
70220,肄业
70221,毕业
70222,肄业
70223,肄业
70224,肄业
70225,肄业
70226,毕业
70227,毕业
70228,肄业
70229,肄业
70230,肄业
70231,肄业
70232,毕业
70233,肄业
70234,肄业
70235,毕业
70236,毕业
70237,毕业
70238,肄业
70239,在读
70240,毕业
70241,在读
70242,毕业
70243,在读
70244,毕业
70245,毕业
70246,毕业
70247,毕业
70248,肄业
70249,毕业
70250,肄业
70251,毕业
70252,毕业
70253,肄业
70254,毕业
70255,毕业
70256,肄业
70257,毕业
70258,在读
70259,肄业
70260,肄业
70261,毕业
70262,毕业
70263,毕业
70264,在读
70265,肄业
70266,毕业
70267,毕业
70268,毕业
70269,肄业
70270,毕业
70271,毕业
70272,在读
70273,肄业
70274,毕业
70275,在读
70276,肄业
70277,肄业
70278,肄业
70279,毕业
70280,毕业
70281,肄业
70282,毕业
70283,在读
70284,毕业
70285,肄业
70286,肄业
70287,肄业
70288,毕业
70289,在读
70290,毕业
70291,毕业
70292,肄业
70293,肄业
70294,毕业
70295,毕业
70296,肄业
70297,肄业
70298,毕业
70299,毕业
70300,毕业
70301,在读
70302,肄业
70303,毕业
70304,毕业
70305,毕业
70306,毕业
70307,毕业
70308,肄业
70309,肄业
70310,毕业
70311,毕业
70312,毕业
70313,在读
70314,毕业
70315,毕业
70316,肄业
70317,在读
70318,肄业
70319,在读
70320,毕业
70321,毕业
70322,肄业
70323,毕业
70324,在读
70325,在读
70326,毕业
70327,肄业
70328,肄业
70329,肄业
70330,毕业
70331,在读
70332,毕业
70333,毕业
70334,毕业
70335,肄业
70336,肄业
70337,毕业
70338,肄业
70339,肄业
70340,肄业
70341,毕业
70342,毕业
70343,在读
70344,毕业
70345,毕业
70346,毕业
70347,毕业
70348,肄业
70349,毕业
70350,肄业
70351,毕业
70352,在读
70353,在读
70354,毕业
70355,在读
70356,肄业
70357,毕业
70358,肄业
70359,毕业
70360,毕业
70361,毕业
70362,毕业
70363,在读
70364,毕业
70365,毕业
70366,毕业
70367,毕业
70368,在读
70369,肄业
70370,毕业
70371,肄业
70372,肄业
70373,肄业
70374,在读
70375,毕业
70376,肄业
70377,在读
70378,毕业
70379,肄业
70380,肄业
70381,毕业
70382,肄业
70383,肄业
70384,在读
70385,肄业
70386,毕业
70387,肄业
70388,肄业
70389,在读
70390,肄业
70391,在读
70392,毕业
70393,肄业
70394,肄业
70395,在读
70396,在读
70397,肄业
70398,毕业
70399,肄业
70400,毕业
70401,肄业
70402,毕业
70403,肄业
70404,在读
70405,毕业
70406,毕业
70407,毕业
70408,毕业
70409,在读
70410,毕业
70411,毕业
70412,毕业
70413,在读
70414,肄业
70415,毕业
70416,肄业
70417,毕业
70418,肄业
70419,毕业
70420,在读
70421,毕业
70422,肄业
70423,毕业
70424,毕业
70425,毕业
70426,肄业
70427,肄业
70428,毕业
70429,肄业
70430,肄业
70431,肄业
70432,肄业
70433,毕业
70434,肄业
70435,毕业
70436,肄业
70437,毕业
70438,毕业
70439,毕业
70440,在读
70441,毕业
70442,肄业
70443,在读
70444,毕业
70445,毕业
70446,毕业
70447,毕业
70448,肄业
70449,在读
70450,毕业
70451,毕业
70452,肄业
70453,在读
70454,肄业
70455,肄业
70456,肄业
70457,毕业
70458,肄业
70459,毕业
70460,毕业
70461,在读
70462,毕业
70463,肄业
70464,在读
70465,毕业
70466,肄业
70467,肄业
70468,毕业
70469,在读
70470,在读
70471,肄业
70472,在读
70473,肄业
70474,毕业
70475,肄业
70476,毕业
70477,毕业
70478,肄业
70479,肄业
70480,肄业
70481,在读
70482,肄业
70483,在读
70484,毕业
70485,毕业
70486,肄业
70487,肄业
70488,毕业
70489,毕业
70490,肄业
70491,毕业
70492,毕业
70493,在读
70494,毕业
70495,肄业
70496,毕业
70497,肄业
70498,毕业
70499,肄业
70500,毕业
70501,毕业
70502,毕业
70503,肄业
70504,毕业
70505,毕业
70506,毕业
70507,毕业
70508,肄业
70509,肄业
70510,在读
70511,毕业
70512,肄业
70513,在读
70514,肄业
70515,肄业
70516,毕业
70517,毕业
70518,毕业
70519,肄业
70520,毕业
70521,毕业
70522,毕业
70523,毕业
70524,在读
70525,毕业
70526,毕业
70527,毕业
70528,毕业
70529,毕业
70530,肄业
70531,毕业
70532,肄业
70533,在读
70534,在读
70535,毕业
70536,毕业
70537,毕业
70538,肄业
70539,毕业
70540,毕业
70541,毕业
70542,肄业
70543,毕业
70544,毕业
70545,毕业
70546,肄业
70547,肄业
70548,毕业
70549,毕业
70550,毕业
70551,肄业
70552,毕业
70553,毕业
70554,毕业
70555,在读
70556,毕业
70557,肄业
70558,毕业
70559,毕业
70560,肄业
70561,在读
70562,肄业
70563,肄业
70564,毕业
70565,毕业
70566,肄业
70567,毕业
70568,肄业
70569,肄业
70570,毕业
70571,毕业
70572,毕业
70573,毕业
70574,毕业
70575,肄业
70576,毕业
70577,肄业
70578,肄业
70579,肄业
70580,毕业
70581,肄业
70582,毕业
70583,毕业
70584,肄业
70585,肄业
70586,毕业
70587,肄业
70588,毕业
70589,肄业
70590,毕业
70591,毕业
70592,在读
70593,毕业
70594,在读
70595,在读
70596,毕业
70597,毕业
70598,在读
70599,在读
70600,毕业
70601,在读
70602,肄业
70603,在读
70604,在读
70605,毕业
70606,毕业
70607,肄业
70608,毕业
70609,在读
70610,肄业
70611,毕业
70612,毕业
70613,毕业
70614,在读
70615,毕业
70616,肄业
70617,肄业
70618,肄业
70619,在读
70620,毕业
70621,肄业
70622,毕业
70623,毕业
70624,肄业
70625,毕业
70626,肄业
70627,毕业
70628,肄业
70629,毕业
70630,在读
70631,毕业
70632,毕业
70633,肄业
70634,肄业
70635,毕业
70636,在读
70637,肄业
70638,肄业
70639,毕业
70640,毕业
70641,肄业
70642,在读
70643,在读
70644,肄业
70645,毕业
70646,毕业
70647,毕业
70648,在读
70649,在读
70650,肄业
70651,毕业
70652,毕业
70653,肄业
70654,毕业
70655,肄业
70656,肄业
70657,肄业
70658,毕业
70659,毕业
70660,肄业
70661,在读
70662,毕业
70663,在读
70664,在读
70665,毕业
70666,毕业
70667,毕业
70668,肄业
70669,肄业
70670,毕业
70671,毕业
70672,毕业
70673,毕业
70674,毕业
70675,肄业
70676,肄业
70677,毕业
70678,肄业
70679,肄业
70680,在读
70681,肄业
70682,毕业
70683,毕业
70684,肄业
70685,毕业
70686,在读
70687,肄业
70688,毕业
70689,毕业
70690,在读
70691,毕业
70692,肄业
70693,毕业
70694,毕业
70695,毕业
70696,毕业
70697,毕业
70698,肄业
70699,毕业
70700,在读
70701,毕业
70702,毕业
70703,肄业
70704,毕业
70705,肄业
70706,毕业
70707,肄业
70708,毕业
70709,在读
70710,毕业
70711,毕业
70712,肄业
70713,毕业
70714,肄业
70715,毕业
70716,肄业
70717,毕业
70718,毕业
70719,在读
70720,在读
70721,毕业
70722,肄业
70723,肄业
70724,肄业
70725,在读
70726,毕业
70727,毕业
70728,在读
70729,在读
70730,毕业
70731,毕业
70732,在读
70733,毕业
70734,毕业
70735,肄业
70736,在读
70737,毕业
70738,毕业
70739,在读
70740,在读
70741,毕业
70742,肄业
70743,毕业
70744,毕业
70745,肄业
70746,肄业
70747,肄业
70748,毕业
70749,肄业
70750,肄业
70751,毕业
70752,毕业
70753,毕业
70754,毕业
70755,肄业
70756,毕业
70757,毕业
70758,毕业
70759,肄业
70760,肄业
70761,在读
70762,毕业
70763,肄业
70764,毕业
70765,毕业
70766,毕业
70767,在读
70768,在读
70769,毕业
70770,肄业
70771,肄业
70772,毕业
70773,毕业
70774,在读
70775,肄业
70776,肄业
70777,在读
70778,毕业
70779,毕业
70780,在读
70781,在读
70782,肄业
70783,肄业
70784,在读
70785,毕业
70786,毕业
70787,毕业
70788,肄业
70789,肄业
70790,毕业
70791,在读
70792,在读
70793,毕业
70794,毕业
70795,毕业
70796,肄业
70797,毕业
70798,肄业
70799,肄业
70800,毕业
70801,毕业
70802,肄业
70803,在读
70804,毕业
70805,毕业
70806,肄业
70807,在读
70808,毕业
70809,在读
70810,在读
70811,肄业
70812,毕业
70813,肄业
70814,在读
70815,毕业
70816,在读
70817,肄业
70818,毕业
70819,在读
70820,毕业
70821,毕业
70822,肄业
70823,在读
70824,毕业
70825,毕业
70826,肄业
70827,毕业
70828,毕业
70829,肄业
70830,毕业
70831,在读
70832,肄业
70833,肄业
70834,肄业
70835,毕业
70836,在读
70837,在读
70838,毕业
70839,毕业
70840,毕业
70841,肄业
70842,毕业
70843,在读
70844,毕业
70845,毕业
70846,毕业
70847,肄业
70848,在读
70849,肄业
70850,毕业
70851,在读
70852,毕业
70853,毕业
70854,肄业
70855,毕业
70856,毕业
70857,在读
70858,毕业
70859,肄业
70860,在读
70861,肄业
70862,毕业
70863,肄业
70864,毕业
70865,肄业
70866,在读
70867,在读
70868,毕业
70869,毕业
70870,毕业
70871,毕业
70872,毕业
70873,肄业
70874,在读
70875,肄业
70876,在读
70877,肄业
70878,在读
70879,毕业
70880,肄业
70881,在读
70882,肄业
70883,毕业
70884,在读
70885,毕业
70886,肄业
70887,肄业
70888,肄业
70889,毕业
70890,毕业
70891,肄业
70892,毕业
70893,在读
70894,毕业
70895,肄业
70896,毕业
70897,在读
70898,在读
70899,毕业
70900,肄业
70901,毕业
70902,毕业
70903,毕业
70904,肄业
70905,肄业
70906,毕业
70907,肄业
70908,毕业
70909,肄业
70910,肄业
70911,毕业
70912,肄业
70913,在读
70914,毕业
70915,毕业
70916,肄业
70917,毕业
70918,毕业
70919,毕业
70920,肄业
70921,肄业
70922,毕业
70923,毕业
70924,毕业
70925,毕业
70926,肄业
70927,毕业
70928,在读
70929,在读
70930,毕业
70931,在读
70932,肄业
70933,毕业
70934,毕业
70935,毕业
70936,毕业
70937,毕业
70938,肄业
70939,在读
70940,毕业
70941,毕业
70942,在读
70943,毕业
70944,毕业
70945,毕业
70946,毕业
70947,肄业
70948,毕业
70949,肄业
70950,毕业
70951,毕业
70952,毕业
70953,肄业
70954,毕业
70955,毕业
70956,毕业
70957,毕业
70958,肄业
70959,肄业
70960,肄业
70961,毕业
70962,肄业
70963,肄业
70964,肄业
70965,毕业
70966,毕业
70967,毕业
70968,毕业
70969,毕业
70970,肄业
70971,毕业
70972,肄业
70973,肄业
70974,肄业
70975,毕业
70976,在读
70977,毕业
70978,肄业
70979,毕业
70980,在读
70981,肄业
70982,毕业
70983,肄业
70984,毕业
70985,毕业
70986,毕业
70987,在读
70988,毕业
70989,毕业
70990,在读
70991,在读
70992,毕业
70993,毕业
70994,肄业
70995,肄业
70996,毕业
70997,毕业
70998,毕业
70999,在读
71000,毕业
71001,肄业
71002,毕业
71003,肄业
71004,肄业
71005,肄业
71006,在读
71007,肄业
71008,肄业
71009,毕业
71010,毕业
71011,毕业
71012,毕业
71013,毕业
71014,毕业
71015,在读
71016,毕业
71017,肄业
71018,毕业
71019,毕业
71020,毕业
71021,毕业
71022,肄业
71023,毕业
71024,肄业
71025,毕业
71026,毕业
71027,毕业
71028,在读
71029,毕业
71030,在读
71031,在读
71032,肄业
71033,肄业
71034,肄业
71035,肄业
71036,肄业
71037,毕业
71038,肄业
71039,毕业
71040,毕业
71041,毕业
71042,肄业
71043,在读
71044,在读
71045,毕业
71046,毕业
71047,肄业
71048,毕业
71049,毕业
71050,肄业
71051,肄业
71052,在读
71053,在读
71054,肄业
71055,在读
71056,毕业
71057,肄业
71058,肄业
71059,毕业
71060,毕业
71061,在读
71062,肄业
71063,肄业
71064,肄业
71065,肄业
71066,在读
71067,肄业
71068,肄业
71069,毕业
71070,肄业
71071,肄业
71072,毕业
71073,毕业
71074,肄业
71075,毕业
71076,毕业
71077,毕业
71078,肄业
71079,毕业
71080,毕业
71081,在读
71082,毕业
71083,毕业
71084,毕业
71085,毕业
71086,肄业
71087,毕业
71088,在读
71089,毕业
71090,毕业
71091,毕业
71092,肄业
71093,肄业
71094,毕业
71095,毕业
71096,毕业
71097,毕业
71098,肄业
71099,毕业
71100,毕业
71101,在读
71102,毕业
71103,毕业
71104,毕业
71105,肄业
71106,毕业
71107,毕业
71108,肄业
71109,毕业
71110,毕业
71111,肄业
71112,毕业
71113,在读
71114,肄业
71115,毕业
71116,毕业
71117,毕业
71118,肄业
71119,在读
71120,毕业
71121,毕业
71122,毕业
71123,毕业
71124,肄业
71125,肄业
71126,毕业
71127,在读
71128,在读
71129,毕业
71130,肄业
71131,毕业
71132,毕业
71133,毕业
71134,毕业
71135,肄业
71136,毕业
71137,在读
71138,肄业
71139,在读
71140,肄业
71141,毕业
71142,肄业
71143,毕业
71144,毕业
71145,毕业
71146,毕业
71147,肄业
71148,毕业
71149,肄业
71150,肄业
71151,毕业
71152,肄业
71153,毕业
71154,毕业
71155,肄业
71156,毕业
71157,毕业
71158,在读
71159,肄业
71160,肄业
71161,肄业
71162,肄业
71163,毕业
71164,毕业
71165,肄业
71166,在读
71167,肄业
71168,肄业
71169,毕业
71170,毕业
71171,在读
71172,毕业
71173,毕业
71174,毕业
71175,毕业
71176,毕业
71177,肄业
71178,毕业
71179,毕业
71180,肄业
71181,毕业
71182,在读
71183,在读
71184,毕业
71185,在读
71186,毕业
71187,毕业
71188,毕业
71189,毕业
71190,肄业
71191,毕业
71192,毕业
71193,肄业
71194,在读
71195,肄业
71196,毕业
71197,肄业
71198,肄业
71199,毕业
71200,肄业
71201,毕业
71202,肄业
71203,肄业
71204,毕业
71205,毕业
71206,在读
71207,毕业
71208,肄业
71209,在读
71210,毕业
71211,毕业
71212,肄业
71213,毕业
71214,肄业
71215,在读
71216,在读
71217,在读
71218,肄业
71219,肄业
71220,毕业
71221,在读
71222,肄业
71223,毕业
71224,毕业
71225,毕业
71226,毕业
71227,毕业
71228,毕业
71229,肄业
71230,肄业
71231,毕业
71232,肄业
71233,毕业
71234,在读
71235,肄业
71236,肄业
71237,在读
71238,毕业
71239,毕业
71240,肄业
71241,在读
71242,毕业
71243,毕业
71244,毕业
71245,肄业
71246,肄业
71247,毕业
71248,肄业
71249,肄业
71250,肄业
71251,毕业
71252,肄业
71253,毕业
71254,毕业
71255,在读
71256,毕业
71257,毕业
71258,肄业
71259,肄业
71260,毕业
71261,毕业
71262,毕业
71263,肄业
71264,毕业
71265,毕业
71266,毕业
71267,在读
71268,肄业
71269,肄业
71270,肄业
71271,肄业
71272,肄业
71273,在读
71274,毕业
71275,毕业
71276,毕业
71277,毕业
71278,肄业
71279,在读
71280,毕业
71281,肄业
71282,毕业
71283,肄业
71284,毕业
71285,在读
71286,在读
71287,肄业
71288,毕业
71289,毕业
71290,毕业
71291,毕业
71292,毕业
71293,毕业
71294,肄业
71295,毕业
71296,肄业
71297,肄业
71298,毕业
71299,肄业
71300,肄业
71301,毕业
71302,在读
71303,在读
71304,肄业
71305,毕业
71306,毕业
71307,在读
71308,毕业
71309,在读
71310,肄业
71311,在读
71312,毕业
71313,肄业
71314,在读
71315,毕业
71316,在读
71317,肄业
71318,肄业
71319,毕业
71320,肄业
71321,毕业
71322,毕业
71323,肄业
71324,毕业
71325,在读
71326,肄业
71327,在读
71328,肄业
71329,肄业
71330,肄业
71331,肄业
71332,肄业
71333,肄业
71334,毕业
71335,毕业
71336,肄业
71337,毕业
71338,毕业
71339,在读
71340,肄业
71341,在读
71342,肄业
71343,毕业
71344,毕业
71345,毕业
71346,肄业
71347,肄业
71348,毕业
71349,在读
71350,毕业
71351,在读
71352,毕业
71353,毕业
71354,肄业
71355,肄业
71356,毕业
71357,肄业
71358,在读
71359,肄业
71360,肄业
71361,肄业
71362,肄业
71363,肄业
71364,毕业
71365,肄业
71366,毕业
71367,毕业
71368,毕业
71369,毕业
71370,在读
71371,肄业
71372,肄业
71373,毕业
71374,肄业
71375,毕业
71376,肄业
71377,毕业
71378,在读
71379,肄业
71380,肄业
71381,毕业
71382,毕业
71383,肄业
71384,毕业
71385,肄业
71386,在读
71387,毕业
71388,肄业
71389,在读
71390,毕业
71391,在读
71392,肄业
71393,毕业
71394,肄业
71395,毕业
71396,肄业
71397,肄业
71398,毕业
71399,毕业
71400,毕业
71401,毕业
71402,肄业
71403,毕业
71404,肄业
71405,在读
71406,毕业
71407,毕业
71408,毕业
71409,毕业
71410,在读
71411,毕业
71412,肄业
71413,毕业
71414,毕业
71415,毕业
71416,毕业
71417,肄业
71418,肄业
71419,肄业
71420,毕业
71421,肄业
71422,毕业
71423,肄业
71424,毕业
71425,肄业
71426,毕业
71427,在读
71428,毕业
71429,肄业
71430,毕业
71431,在读
71432,毕业
71433,在读
71434,肄业
71435,毕业
71436,在读
71437,毕业
71438,肄业
71439,肄业
71440,在读
71441,毕业
71442,毕业
71443,在读
71444,毕业
71445,毕业
71446,毕业
71447,肄业
71448,毕业
71449,肄业
71450,肄业
71451,肄业
71452,肄业
71453,毕业
71454,肄业
71455,毕业
71456,肄业
71457,毕业
71458,毕业
71459,在读
71460,毕业
71461,毕业
71462,毕业
71463,毕业
71464,肄业
71465,肄业
71466,肄业
71467,毕业
71468,在读
71469,毕业
71470,毕业
71471,毕业
71472,毕业
71473,毕业
71474,毕业
71475,肄业
71476,在读
71477,毕业
71478,肄业
71479,在读
71480,肄业
71481,毕业
71482,在读
71483,毕业
71484,毕业
71485,毕业
71486,毕业
71487,毕业
71488,在读
71489,毕业
71490,肄业
71491,肄业
71492,毕业
71493,毕业
71494,在读
71495,肄业
71496,在读
71497,毕业
71498,在读
71499,肄业
71500,毕业
71501,毕业
71502,在读
71503,肄业
71504,毕业
71505,毕业
71506,毕业
71507,在读
71508,毕业
71509,肄业
71510,在读
71511,肄业
71512,在读
71513,毕业
71514,毕业
71515,毕业
71516,在读
71517,在读
71518,毕业
71519,毕业
71520,在读
71521,肄业
71522,毕业
71523,毕业
71524,毕业
71525,毕业
71526,毕业
71527,毕业
71528,肄业
71529,毕业
71530,毕业
71531,毕业
71532,毕业
71533,毕业
71534,肄业
71535,毕业
71536,肄业
71537,毕业
71538,肄业
71539,在读
71540,毕业
71541,毕业
71542,肄业
71543,肄业
71544,毕业
71545,肄业
71546,在读
71547,肄业
71548,在读
71549,肄业
71550,肄业
71551,肄业
71552,毕业
71553,肄业
71554,肄业
71555,在读
71556,毕业
71557,肄业
71558,毕业
71559,毕业
71560,肄业
71561,肄业
71562,肄业
71563,毕业
71564,毕业
71565,毕业
71566,在读
71567,在读
71568,肄业
71569,肄业
71570,毕业
71571,毕业
71572,毕业
71573,毕业
71574,毕业
71575,肄业
71576,毕业
71577,肄业
71578,肄业
71579,毕业
71580,在读
71581,毕业
71582,肄业
71583,毕业
71584,毕业
71585,肄业
71586,毕业
71587,毕业
71588,毕业
71589,毕业
71590,毕业
71591,毕业
71592,肄业
71593,毕业
71594,毕业
71595,肄业
71596,毕业
71597,在读
71598,毕业
71599,在读
71600,毕业
71601,肄业
71602,毕业
71603,毕业
71604,毕业
71605,在读
71606,毕业
71607,毕业
71608,肄业
71609,在读
71610,毕业
71611,毕业
71612,在读
71613,毕业
71614,毕业
71615,肄业
71616,在读
71617,毕业
71618,毕业
71619,在读
71620,肄业
71621,毕业
71622,毕业
71623,在读
71624,毕业
71625,肄业
71626,肄业
71627,肄业
71628,毕业
71629,毕业
71630,在读
71631,毕业
71632,毕业
71633,肄业
71634,毕业
71635,肄业
71636,毕业
71637,肄业
71638,肄业
71639,在读
71640,在读
71641,毕业
71642,毕业
71643,肄业
71644,毕业
71645,在读
71646,毕业
71647,毕业
71648,在读
71649,毕业
71650,肄业
71651,毕业
71652,毕业
71653,毕业
71654,毕业
71655,毕业
71656,毕业
71657,肄业
71658,在读
71659,毕业
71660,在读
71661,毕业
71662,毕业
71663,毕业
71664,毕业
71665,在读
71666,肄业
71667,肄业
71668,毕业
71669,在读
71670,毕业
71671,毕业
71672,毕业
71673,肄业
71674,毕业
71675,在读
71676,毕业
71677,毕业
71678,毕业
71679,肄业
71680,毕业
71681,毕业
71682,毕业
71683,肄业
71684,肄业
71685,毕业
71686,毕业
71687,肄业
71688,毕业
71689,毕业
71690,肄业
71691,肄业
71692,肄业
71693,毕业
71694,毕业
71695,毕业
71696,毕业
71697,毕业
71698,毕业
71699,在读
71700,肄业
71701,肄业
71702,肄业
71703,毕业
71704,毕业
71705,毕业
71706,在读
71707,毕业
71708,毕业
71709,肄业
71710,肄业
71711,毕业
71712,毕业
71713,肄业
71714,毕业
71715,毕业
71716,毕业
71717,肄业
71718,在读
71719,毕业
71720,毕业
71721,毕业
71722,毕业
71723,在读
71724,肄业
71725,毕业
71726,在读
71727,在读
71728,毕业
71729,肄业
71730,在读
71731,肄业
71732,毕业
71733,毕业
71734,毕业
71735,在读
71736,毕业
71737,在读
71738,毕业
71739,毕业
71740,在读
71741,毕业
71742,毕业
71743,肄业
71744,毕业
71745,肄业
71746,肄业
71747,在读
71748,毕业
71749,毕业
71750,毕业
71751,毕业
71752,毕业
71753,肄业
71754,毕业
71755,在读
71756,毕业
71757,肄业
71758,肄业
71759,毕业
71760,在读
71761,毕业
71762,肄业
71763,毕业
71764,毕业
71765,肄业
71766,肄业
71767,毕业
71768,毕业
71769,肄业
71770,肄业
71771,在读
71772,毕业
71773,肄业
71774,毕业
71775,肄业
71776,肄业
71777,毕业
71778,毕业
71779,毕业
71780,毕业
71781,在读
71782,肄业
71783,肄业
71784,毕业
71785,肄业
71786,在读
71787,毕业
71788,肄业
71789,肄业
71790,肄业
71791,毕业
71792,毕业
71793,毕业
71794,毕业
71795,在读
71796,肄业
71797,在读
71798,毕业
71799,肄业
71800,肄业
71801,毕业
71802,肄业
71803,毕业
71804,毕业
71805,毕业
71806,毕业
71807,毕业
71808,肄业
71809,肄业
71810,毕业
71811,毕业
71812,在读
71813,在读
71814,肄业
71815,肄业
71816,肄业
71817,肄业
71818,肄业
71819,毕业
71820,毕业
71821,毕业
71822,毕业
71823,肄业
71824,毕业
71825,肄业
71826,毕业
71827,毕业
71828,肄业
71829,在读
71830,肄业
71831,肄业
71832,肄业
71833,肄业
71834,肄业
71835,毕业
71836,在读
71837,肄业
71838,肄业
71839,毕业
71840,在读
71841,毕业
71842,肄业
71843,肄业
71844,肄业
71845,毕业
71846,毕业
71847,肄业
71848,肄业
71849,毕业
71850,在读
71851,在读
71852,毕业
71853,毕业
71854,毕业
71855,毕业
71856,肄业
71857,肄业
71858,毕业
71859,毕业
71860,肄业
71861,肄业
71862,肄业
71863,肄业
71864,毕业
71865,毕业
71866,毕业
71867,毕业
71868,毕业
71869,毕业
71870,在读
71871,毕业
71872,毕业
71873,肄业
71874,在读
71875,毕业
71876,肄业
71877,毕业
71878,肄业
71879,在读
71880,在读
71881,肄业
71882,在读
71883,毕业
71884,毕业
71885,毕业
71886,肄业
71887,在读
71888,毕业
71889,毕业
71890,毕业
71891,肄业
71892,毕业
71893,毕业
71894,毕业
71895,肄业
71896,在读
71897,在读
71898,毕业
71899,在读
71900,毕业
71901,毕业
71902,毕业
71903,在读
71904,毕业
71905,肄业
71906,毕业
71907,在读
71908,肄业
71909,肄业
71910,毕业
71911,肄业
71912,在读
71913,肄业
71914,毕业
71915,毕业
71916,毕业
71917,肄业
71918,在读
71919,毕业
71920,在读
71921,毕业
71922,在读
71923,肄业
71924,在读
71925,毕业
71926,毕业
71927,毕业
71928,毕业
71929,毕业
71930,毕业
71931,肄业
71932,毕业
71933,在读
71934,毕业
71935,肄业
71936,毕业
71937,毕业
71938,肄业
71939,毕业
71940,毕业
71941,在读
71942,在读
71943,毕业
71944,在读
71945,毕业
71946,在读
71947,肄业
71948,毕业
71949,在读
71950,在读
71951,肄业
71952,毕业
71953,肄业
71954,毕业
71955,毕业
71956,毕业
71957,毕业
71958,毕业
71959,毕业
71960,在读
71961,肄业
71962,毕业
71963,毕业
71964,毕业
71965,毕业
71966,毕业
71967,肄业
71968,在读
71969,肄业
71970,在读
71971,在读
71972,肄业
71973,肄业
71974,毕业
71975,毕业
71976,毕业
71977,肄业
71978,毕业
71979,在读
71980,在读
71981,肄业
71982,肄业
71983,毕业
71984,毕业
71985,肄业
71986,肄业
71987,毕业
71988,毕业
71989,肄业
71990,肄业
71991,在读
71992,毕业
71993,肄业
71994,肄业
71995,毕业
71996,毕业
71997,肄业
71998,毕业
71999,毕业
72000,毕业
72001,毕业
72002,肄业
72003,毕业
72004,毕业
72005,毕业
72006,毕业
72007,毕业
72008,毕业
72009,毕业
72010,毕业
72011,在读
72012,在读
72013,肄业
72014,肄业
72015,毕业
72016,肄业
72017,肄业
72018,毕业
72019,肄业
72020,肄业
72021,毕业
72022,在读
72023,肄业
72024,肄业
72025,在读
72026,在读
72027,在读
72028,毕业
72029,肄业
72030,毕业
72031,在读
72032,肄业
72033,毕业
72034,肄业
72035,肄业
72036,毕业
72037,毕业
72038,肄业
72039,肄业
72040,在读
72041,毕业
72042,毕业
72043,肄业
72044,毕业
72045,毕业
72046,毕业
72047,毕业
72048,肄业
72049,毕业
72050,毕业
72051,肄业
72052,在读
72053,毕业
72054,肄业
72055,毕业
72056,肄业
72057,在读
72058,肄业
72059,毕业
72060,毕业
72061,肄业
72062,肄业
72063,毕业
72064,毕业
72065,毕业
72066,肄业
72067,肄业
72068,肄业
72069,肄业
72070,在读
72071,毕业
72072,肄业
72073,在读
72074,毕业
72075,肄业
72076,毕业
72077,毕业
72078,在读
72079,在读
72080,毕业
72081,在读
72082,毕业
72083,肄业
72084,在读
72085,毕业
72086,在读
72087,毕业
72088,毕业
72089,毕业
72090,肄业
72091,肄业
72092,毕业
72093,肄业
72094,肄业
72095,肄业
72096,毕业
72097,毕业
72098,毕业
72099,毕业
72100,肄业
72101,毕业
72102,肄业
72103,肄业
72104,在读
72105,毕业
72106,肄业
72107,毕业
72108,毕业
72109,毕业
72110,毕业
72111,肄业
72112,毕业
72113,毕业
72114,肄业
72115,在读
72116,毕业
72117,毕业
72118,毕业
72119,在读
72120,肄业
72121,毕业
72122,毕业
72123,肄业
72124,肄业
72125,肄业
72126,毕业
72127,毕业
72128,肄业
72129,肄业
72130,肄业
72131,毕业
72132,在读
72133,毕业
72134,在读
72135,毕业
72136,在读
72137,肄业
72138,毕业
72139,毕业
72140,肄业
72141,毕业
72142,毕业
72143,毕业
72144,肄业
72145,在读
72146,毕业
72147,毕业
72148,肄业
72149,毕业
72150,肄业
72151,毕业
72152,毕业
72153,在读
72154,毕业
72155,在读
72156,肄业
72157,在读
72158,肄业
72159,毕业
72160,肄业
72161,肄业
72162,肄业
72163,肄业
72164,在读
72165,肄业
72166,在读
72167,肄业
72168,毕业
72169,毕业
72170,毕业
72171,毕业
72172,在读
72173,毕业
72174,毕业
72175,毕业
72176,毕业
72177,肄业
72178,肄业
72179,在读
72180,毕业
72181,肄业
72182,毕业
72183,毕业
72184,毕业
72185,毕业
72186,毕业
72187,肄业
72188,肄业
72189,在读
72190,肄业
72191,肄业
72192,毕业
72193,毕业
72194,毕业
72195,在读
72196,在读
72197,肄业
72198,毕业
72199,肄业
72200,肄业
72201,毕业
72202,肄业
72203,毕业
72204,肄业
72205,肄业
72206,毕业
72207,肄业
72208,在读
72209,毕业
72210,毕业
72211,毕业
72212,肄业
72213,肄业
72214,在读
72215,毕业
72216,毕业
72217,肄业
72218,毕业
72219,毕业
72220,毕业
72221,在读
72222,在读
72223,毕业
72224,肄业
72225,毕业
72226,在读
72227,肄业
72228,肄业
72229,毕业
72230,在读
72231,毕业
72232,毕业
72233,肄业
72234,在读
72235,毕业
72236,毕业
72237,肄业
72238,毕业
72239,肄业
72240,毕业
72241,肄业
72242,肄业
72243,在读
72244,毕业
72245,肄业
72246,肄业
72247,在读
72248,在读
72249,在读
72250,毕业
72251,肄业
72252,毕业
72253,毕业
72254,毕业
72255,毕业
72256,肄业
72257,肄业
72258,毕业
72259,肄业
72260,毕业
72261,在读
72262,肄业
72263,毕业
72264,毕业
72265,毕业
72266,毕业
72267,毕业
72268,肄业
72269,在读
72270,毕业
72271,毕业
72272,毕业
72273,在读
72274,毕业
72275,在读
72276,毕业
72277,毕业
72278,肄业
72279,毕业
72280,肄业
72281,肄业
72282,毕业
72283,毕业
72284,肄业
72285,在读
72286,毕业
72287,肄业
72288,毕业
72289,在读
72290,肄业
72291,毕业
72292,肄业
72293,肄业
72294,肄业
72295,肄业
72296,毕业
72297,肄业
72298,毕业
72299,毕业
72300,毕业
72301,在读
72302,肄业
72303,毕业
72304,肄业
72305,在读
72306,毕业
72307,肄业
72308,肄业
72309,毕业
72310,毕业
72311,肄业
72312,毕业
72313,毕业
72314,毕业
72315,在读
72316,毕业
72317,肄业
72318,毕业
72319,肄业
72320,毕业
72321,在读
72322,毕业
72323,毕业
72324,毕业
72325,毕业
72326,肄业
72327,毕业
72328,肄业
72329,毕业
72330,肄业
72331,毕业
72332,在读
72333,在读
72334,毕业
72335,肄业
72336,肄业
72337,肄业
72338,毕业
72339,毕业
72340,肄业
72341,毕业
72342,在读
72343,在读
72344,毕业
72345,肄业
72346,肄业
72347,肄业
72348,毕业
72349,在读
72350,在读
72351,毕业
72352,毕业
72353,毕业
72354,毕业
72355,肄业
72356,肄业
72357,在读
72358,毕业
72359,毕业
72360,毕业
72361,毕业
72362,肄业
72363,毕业
72364,毕业
72365,毕业
72366,肄业
72367,毕业
72368,毕业
72369,在读
72370,毕业
72371,毕业
72372,在读
72373,毕业
72374,毕业
72375,在读
72376,毕业
72377,肄业
72378,毕业
72379,毕业
72380,肄业
72381,毕业
72382,毕业
72383,毕业
72384,在读
72385,毕业
72386,毕业
72387,肄业
72388,肄业
72389,毕业
72390,毕业
72391,在读
72392,毕业
72393,肄业
72394,肄业
72395,在读
72396,毕业
72397,肄业
72398,肄业
72399,肄业
72400,肄业
72401,毕业
72402,在读
72403,毕业
72404,毕业
72405,毕业
72406,毕业
72407,肄业
72408,在读
72409,肄业
72410,在读
72411,肄业
72412,肄业
72413,毕业
72414,在读
72415,毕业
72416,毕业
72417,肄业
72418,毕业
72419,毕业
72420,毕业
72421,毕业
72422,在读
72423,肄业
72424,毕业
72425,在读
72426,毕业
72427,肄业
72428,毕业
72429,肄业
72430,在读
72431,肄业
72432,在读
72433,肄业
72434,在读
72435,在读
72436,肄业
72437,毕业
72438,毕业
72439,毕业
72440,毕业
72441,肄业
72442,毕业
72443,肄业
72444,在读
72445,在读
72446,毕业
72447,毕业
72448,肄业
72449,毕业
72450,在读
72451,毕业
72452,毕业
72453,在读
72454,毕业
72455,肄业
72456,毕业
72457,在读
72458,毕业
72459,毕业
72460,肄业
72461,肄业
72462,毕业
72463,在读
72464,毕业
72465,毕业
72466,在读
72467,毕业
72468,在读
72469,毕业
72470,毕业
72471,在读
72472,肄业
72473,肄业
72474,毕业
72475,毕业
72476,毕业
72477,毕业
72478,毕业
72479,毕业
72480,在读
72481,毕业
72482,毕业
72483,毕业
72484,在读
72485,毕业
72486,肄业
72487,肄业
72488,肄业
72489,毕业
72490,肄业
72491,在读
72492,毕业
72493,毕业
72494,毕业
72495,肄业
72496,毕业
72497,肄业
72498,毕业
72499,肄业
72500,毕业
72501,毕业
72502,在读
72503,毕业
72504,毕业
72505,肄业
72506,毕业
72507,毕业
72508,毕业
72509,在读
72510,肄业
72511,毕业
72512,肄业
72513,肄业
72514,在读
72515,毕业
72516,肄业
72517,在读
72518,肄业
72519,肄业
72520,在读
72521,毕业
72522,毕业
72523,毕业
72524,毕业
72525,肄业
72526,肄业
72527,肄业
72528,肄业
72529,在读
72530,在读
72531,毕业
72532,肄业
72533,毕业
72534,毕业
72535,毕业
72536,毕业
72537,在读
72538,肄业
72539,在读
72540,毕业
72541,肄业
72542,毕业
72543,毕业
72544,毕业
72545,毕业
72546,肄业
72547,在读
72548,毕业
72549,毕业
72550,肄业
72551,毕业
72552,肄业
72553,毕业
72554,肄业
72555,肄业
72556,毕业
72557,毕业
72558,毕业
72559,毕业
72560,肄业
72561,肄业
72562,肄业
72563,肄业
72564,毕业
72565,在读
72566,毕业
72567,毕业
72568,在读
72569,肄业
72570,在读
72571,在读
72572,肄业
72573,毕业
72574,毕业
72575,肄业
72576,肄业
72577,肄业
72578,毕业
72579,在读
72580,毕业
72581,毕业
72582,毕业
72583,毕业
72584,毕业
72585,毕业
72586,毕业
72587,毕业
72588,肄业
72589,毕业
72590,在读
72591,毕业
72592,肄业
72593,毕业
72594,肄业
72595,肄业
72596,肄业
72597,肄业
72598,肄业
72599,毕业
72600,毕业
72601,肄业
72602,肄业
72603,毕业
72604,毕业
72605,在读
72606,在读
72607,毕业
72608,毕业
72609,毕业
72610,毕业
72611,毕业
72612,毕业
72613,肄业
72614,毕业
72615,毕业
72616,毕业
72617,毕业
72618,毕业
72619,毕业
72620,毕业
72621,肄业
72622,肄业
72623,在读
72624,肄业
72625,毕业
72626,毕业
72627,毕业
72628,肄业
72629,肄业
72630,在读
72631,在读
72632,毕业
72633,毕业
72634,毕业
72635,在读
72636,在读
72637,在读
72638,毕业
72639,肄业
72640,在读
72641,肄业
72642,肄业
72643,毕业
72644,毕业
72645,肄业
72646,在读
72647,肄业
72648,毕业
72649,在读
72650,毕业
72651,毕业
72652,在读
72653,毕业
72654,肄业
72655,在读
72656,在读
72657,在读
72658,在读
72659,毕业
72660,肄业
72661,毕业
72662,肄业
72663,毕业
72664,毕业
72665,毕业
72666,毕业
72667,毕业
72668,毕业
72669,毕业
72670,肄业
72671,在读
72672,毕业
72673,在读
72674,毕业
72675,毕业
72676,肄业
72677,在读
72678,毕业
72679,毕业
72680,毕业
72681,肄业
72682,毕业
72683,肄业
72684,肄业
72685,毕业
72686,毕业
72687,毕业
72688,在读
72689,肄业
72690,毕业
72691,毕业
72692,毕业
72693,毕业
72694,肄业
72695,毕业
72696,肄业
72697,毕业
72698,肄业
72699,毕业
72700,肄业
72701,在读
72702,毕业
72703,在读
72704,毕业
72705,肄业
72706,毕业
72707,肄业
72708,毕业
72709,肄业
72710,毕业
72711,在读
72712,毕业
72713,毕业
72714,毕业
72715,毕业
72716,在读
72717,肄业
72718,肄业
72719,毕业
72720,肄业
72721,肄业
72722,毕业
72723,毕业
72724,毕业
72725,肄业
72726,肄业
72727,毕业
72728,毕业
72729,毕业
72730,肄业
72731,肄业
72732,毕业
72733,肄业
72734,毕业
72735,肄业
72736,毕业
72737,在读
72738,毕业
72739,肄业
72740,毕业
72741,毕业
72742,肄业
72743,肄业
72744,毕业
72745,肄业
72746,毕业
72747,毕业
72748,肄业
72749,肄业
72750,毕业
72751,毕业
72752,毕业
72753,毕业
72754,毕业
72755,肄业
72756,在读
72757,肄业
72758,肄业
72759,肄业
72760,毕业
72761,肄业
72762,肄业
72763,肄业
72764,肄业
72765,在读
72766,肄业
72767,在读
72768,肄业
72769,肄业
72770,毕业
72771,毕业
72772,肄业
72773,毕业
72774,肄业
72775,毕业
72776,在读
72777,毕业
72778,肄业
72779,毕业
72780,肄业
72781,毕业
72782,肄业
72783,毕业
72784,毕业
72785,肄业
72786,在读
72787,毕业
72788,肄业
72789,毕业
72790,肄业
72791,毕业
72792,肄业
72793,毕业
72794,肄业
72795,毕业
72796,毕业
72797,毕业
72798,毕业
72799,在读
72800,在读
72801,毕业
72802,肄业
72803,毕业
72804,肄业
72805,在读
72806,在读
72807,毕业
72808,肄业
72809,肄业
72810,在读
72811,毕业
72812,毕业
72813,肄业
72814,毕业
72815,肄业
72816,肄业
72817,肄业
72818,肄业
72819,毕业
72820,肄业
72821,毕业
72822,肄业
72823,毕业
72824,肄业
72825,在读
72826,毕业
72827,肄业
72828,肄业
72829,肄业
72830,毕业
72831,毕业
72832,肄业
72833,肄业
72834,毕业
72835,在读
72836,肄业
72837,毕业
72838,毕业
72839,毕业
72840,肄业
72841,毕业
72842,毕业
72843,肄业
72844,肄业
72845,毕业
72846,毕业
72847,毕业
72848,肄业
72849,毕业
72850,肄业
72851,毕业
72852,肄业
72853,毕业
72854,肄业
72855,毕业
72856,肄业
72857,毕业
72858,毕业
72859,肄业
72860,毕业
72861,毕业
72862,肄业
72863,毕业
72864,毕业
72865,毕业
72866,肄业
72867,肄业
72868,在读
72869,在读
72870,毕业
72871,肄业
72872,在读
72873,在读
72874,毕业
72875,肄业
72876,肄业
72877,肄业
72878,毕业
72879,毕业
72880,毕业
72881,肄业
72882,肄业
72883,毕业
72884,毕业
72885,毕业
72886,肄业
72887,毕业
72888,毕业
72889,毕业
72890,毕业
72891,在读
72892,肄业
72893,肄业
72894,肄业
72895,毕业
72896,毕业
72897,肄业
72898,毕业
72899,毕业
72900,毕业
72901,在读
72902,在读
72903,肄业
72904,毕业
72905,毕业
72906,肄业
72907,毕业
72908,毕业
72909,毕业
72910,在读
72911,毕业
72912,毕业
72913,在读
72914,毕业
72915,毕业
72916,肄业
72917,毕业
72918,毕业
72919,毕业
72920,毕业
72921,毕业
72922,肄业
72923,毕业
72924,毕业
72925,在读
72926,毕业
72927,毕业
72928,肄业
72929,在读
72930,肄业
72931,毕业
72932,肄业
72933,毕业
72934,肄业
72935,毕业
72936,毕业
72937,毕业
72938,毕业
72939,毕业
72940,毕业
72941,毕业
72942,肄业
72943,肄业
72944,肄业
72945,肄业
72946,毕业
72947,毕业
72948,毕业
72949,毕业
72950,肄业
72951,在读
72952,毕业
72953,毕业
72954,毕业
72955,毕业
72956,毕业
72957,毕业
72958,在读
72959,毕业
72960,毕业
72961,肄业
72962,毕业
72963,毕业
72964,毕业
72965,毕业
72966,肄业
72967,肄业
72968,肄业
72969,毕业
72970,毕业
72971,毕业
72972,毕业
72973,肄业
72974,毕业
72975,毕业
72976,肄业
72977,毕业
72978,在读
72979,毕业
72980,毕业
72981,毕业
72982,毕业
72983,毕业
72984,肄业
72985,毕业
72986,肄业
72987,毕业
72988,肄业
72989,在读
72990,毕业
72991,毕业
72992,毕业
72993,在读
72994,肄业
72995,肄业
72996,毕业
72997,毕业
72998,肄业
72999,毕业
73000,毕业
73001,在读
73002,毕业
73003,肄业
73004,毕业
73005,毕业
73006,毕业
73007,毕业
73008,毕业
73009,毕业
73010,肄业
73011,毕业
73012,肄业
73013,毕业
73014,肄业
73015,在读
73016,毕业
73017,在读
73018,毕业
73019,肄业
73020,肄业
73021,在读
73022,毕业
73023,毕业
73024,毕业
73025,在读
73026,在读
73027,肄业
73028,毕业
73029,肄业
73030,毕业
73031,肄业
73032,在读
73033,在读
73034,毕业
73035,肄业
73036,在读
73037,在读
73038,毕业
73039,毕业
73040,毕业
73041,在读
73042,在读
73043,在读
73044,毕业
73045,毕业
73046,毕业
73047,毕业
73048,在读
73049,毕业
73050,毕业
73051,在读
73052,毕业
73053,肄业
73054,毕业
73055,在读
73056,毕业
73057,在读
73058,毕业
73059,毕业
73060,毕业
73061,毕业
73062,毕业
73063,毕业
73064,在读
73065,在读
73066,毕业
73067,肄业
73068,毕业
73069,毕业
73070,毕业
73071,肄业
73072,肄业
73073,毕业
73074,肄业
73075,毕业
73076,毕业
73077,肄业
73078,肄业
73079,在读
73080,毕业
73081,肄业
73082,毕业
73083,毕业
73084,肄业
73085,肄业
73086,肄业
73087,肄业
73088,在读
73089,肄业
73090,肄业
73091,在读
73092,毕业
73093,毕业
73094,在读
73095,肄业
73096,在读
73097,在读
73098,肄业
73099,毕业
73100,毕业
73101,毕业
73102,毕业
73103,毕业
73104,毕业
73105,在读
73106,在读
73107,毕业
73108,毕业
73109,肄业
73110,毕业
73111,肄业
73112,毕业
73113,肄业
73114,肄业
73115,毕业
73116,肄业
73117,毕业
73118,毕业
73119,毕业
73120,毕业
73121,毕业
73122,毕业
73123,毕业
73124,毕业
73125,毕业
73126,毕业
73127,肄业
73128,在读
73129,肄业
73130,毕业
73131,毕业
73132,肄业
73133,毕业
73134,在读
73135,肄业
73136,毕业
73137,毕业
73138,肄业
73139,毕业
73140,在读
73141,毕业
73142,毕业
73143,毕业
73144,毕业
73145,毕业
73146,毕业
73147,在读
73148,在读
73149,毕业
73150,在读
73151,毕业
73152,毕业
73153,毕业
73154,在读
73155,毕业
73156,肄业
73157,毕业
73158,肄业
73159,在读
73160,毕业
73161,毕业
73162,毕业
73163,肄业
73164,毕业
73165,肄业
73166,毕业
73167,毕业
73168,肄业
73169,肄业
73170,毕业
73171,毕业
73172,毕业
73173,毕业
73174,肄业
73175,肄业
73176,在读
73177,肄业
73178,肄业
73179,毕业
73180,在读
73181,在读
73182,在读
73183,毕业
73184,肄业
73185,毕业
73186,肄业
73187,肄业
73188,毕业
73189,毕业
73190,毕业
73191,肄业
73192,毕业
73193,毕业
73194,毕业
73195,毕业
73196,毕业
73197,毕业
73198,毕业
73199,毕业
73200,肄业
73201,肄业
73202,在读
73203,肄业
73204,毕业
73205,毕业
73206,毕业
73207,在读
73208,肄业
73209,肄业
73210,毕业
73211,在读
73212,毕业
73213,毕业
73214,肄业
73215,毕业
73216,肄业
73217,毕业
73218,毕业
73219,毕业
73220,毕业
73221,肄业
73222,毕业
73223,毕业
73224,毕业
73225,肄业
73226,毕业
73227,毕业
73228,肄业
73229,毕业
73230,毕业
73231,毕业
73232,在读
73233,在读
73234,毕业
73235,毕业
73236,毕业
73237,肄业
73238,毕业
73239,毕业
73240,肄业
73241,在读
73242,在读
73243,毕业
73244,肄业
73245,毕业
73246,肄业
73247,在读
73248,肄业
73249,毕业
73250,在读
73251,毕业
73252,肄业
73253,在读
73254,毕业
73255,毕业
73256,在读
73257,毕业
73258,毕业
73259,在读
73260,在读
73261,肄业
73262,毕业
73263,肄业
73264,毕业
73265,肄业
73266,肄业
73267,毕业
73268,毕业
73269,毕业
73270,毕业
73271,毕业
73272,在读
73273,毕业
73274,毕业
73275,毕业
73276,毕业
73277,毕业
73278,肄业
73279,毕业
73280,肄业
73281,毕业
73282,毕业
73283,在读
73284,毕业
73285,在读
73286,毕业
73287,在读
73288,肄业
73289,毕业
73290,肄业
73291,肄业
73292,肄业
73293,毕业
73294,肄业
73295,毕业
73296,肄业
73297,在读
73298,在读
73299,毕业
73300,毕业
73301,肄业
73302,肄业
73303,毕业
73304,肄业
73305,毕业
73306,在读
73307,毕业
73308,在读
73309,肄业
73310,在读
73311,肄业
73312,在读
73313,毕业
73314,肄业
73315,毕业
73316,毕业
73317,毕业
73318,在读
73319,肄业
73320,毕业
73321,肄业
73322,肄业
73323,毕业
73324,在读
73325,毕业
73326,在读
73327,毕业
73328,毕业
73329,毕业
73330,在读
73331,肄业
73332,毕业
73333,在读
73334,毕业
73335,在读
73336,毕业
73337,毕业
73338,毕业
73339,毕业
73340,肄业
73341,毕业
73342,在读
73343,在读
73344,肄业
73345,毕业
73346,肄业
73347,毕业
73348,肄业
73349,在读
73350,毕业
73351,毕业
73352,毕业
73353,肄业
73354,毕业
73355,在读
73356,在读
73357,在读
73358,在读
73359,肄业
73360,肄业
73361,毕业
73362,肄业
73363,毕业
73364,毕业
73365,毕业
73366,在读
73367,毕业
73368,毕业
73369,毕业
73370,肄业
73371,肄业
73372,肄业
73373,毕业
73374,在读
73375,毕业
73376,毕业
73377,毕业
73378,毕业
73379,肄业
73380,肄业
73381,肄业
73382,毕业
73383,肄业
73384,肄业
73385,毕业
73386,毕业
73387,在读
73388,毕业
73389,毕业
73390,肄业
73391,毕业
73392,肄业
73393,在读
73394,肄业
73395,毕业
73396,在读
73397,肄业
73398,在读
73399,肄业
73400,在读
73401,毕业
73402,毕业
73403,毕业
73404,在读
73405,毕业
73406,肄业
73407,肄业
73408,毕业
73409,毕业
73410,毕业
73411,在读
73412,毕业
73413,在读
73414,肄业
73415,肄业
73416,肄业
73417,毕业
73418,肄业
73419,毕业
73420,毕业
73421,在读
73422,肄业
73423,毕业
73424,毕业
73425,毕业
73426,毕业
73427,毕业
73428,在读
73429,毕业
73430,在读
73431,肄业
73432,在读
73433,毕业
73434,在读
73435,毕业
73436,毕业
73437,毕业
73438,肄业
73439,肄业
73440,肄业
73441,毕业
73442,毕业
73443,肄业
73444,肄业
73445,毕业
73446,毕业
73447,毕业
73448,毕业
73449,肄业
73450,肄业
73451,毕业
73452,在读
73453,肄业
73454,毕业
73455,肄业
73456,毕业
73457,毕业
73458,毕业
73459,在读
73460,毕业
73461,毕业
73462,毕业
73463,毕业
73464,毕业
73465,毕业
73466,毕业
73467,毕业
73468,肄业
73469,肄业
73470,毕业
73471,毕业
73472,肄业
73473,在读
73474,毕业
73475,肄业
73476,毕业
73477,毕业
73478,毕业
73479,毕业
73480,肄业
73481,毕业
73482,毕业
73483,在读
73484,在读
73485,毕业
73486,毕业
73487,在读
73488,在读
73489,毕业
73490,肄业
73491,肄业
73492,在读
73493,肄业
73494,毕业
73495,毕业
73496,肄业
73497,肄业
73498,毕业
73499,肄业
73500,肄业
73501,肄业
73502,肄业
73503,毕业
73504,毕业
73505,在读
73506,毕业
73507,毕业
73508,毕业
73509,毕业
73510,肄业
73511,毕业
73512,肄业
73513,在读
73514,肄业
73515,肄业
73516,在读
73517,肄业
73518,肄业
73519,毕业
73520,毕业
73521,毕业
73522,在读
73523,毕业
73524,肄业
73525,肄业
73526,毕业
73527,毕业
73528,毕业
73529,毕业
73530,毕业
73531,肄业
73532,在读
73533,毕业
73534,毕业
73535,毕业
73536,在读
73537,肄业
73538,肄业
73539,肄业
73540,在读
73541,在读
73542,肄业
73543,在读
73544,肄业
73545,肄业
73546,肄业
73547,肄业
73548,毕业
73549,毕业
73550,在读
73551,肄业
73552,在读
73553,毕业
73554,毕业
73555,毕业
73556,肄业
73557,毕业
73558,肄业
73559,在读
73560,毕业
73561,在读
73562,毕业
73563,在读
73564,肄业
73565,毕业
73566,毕业
73567,肄业
73568,肄业
73569,肄业
73570,肄业
73571,肄业
73572,毕业
73573,肄业
73574,毕业
73575,毕业
73576,毕业
73577,毕业
73578,毕业
73579,毕业
73580,毕业
73581,肄业
73582,毕业
73583,毕业
73584,毕业
73585,毕业
73586,毕业
73587,在读
73588,肄业
73589,肄业
73590,肄业
73591,肄业
73592,肄业
73593,在读
73594,毕业
73595,肄业
73596,在读
73597,毕业
73598,毕业
73599,毕业
73600,毕业
73601,肄业
73602,毕业
73603,在读
73604,在读
73605,在读
73606,肄业
73607,肄业
73608,肄业
73609,肄业
73610,肄业
73611,肄业
73612,毕业
73613,在读
73614,肄业
73615,毕业
73616,毕业
73617,在读
73618,肄业
73619,毕业
73620,毕业
73621,毕业
73622,毕业
73623,毕业
73624,肄业
73625,在读
73626,肄业
73627,肄业
73628,在读
73629,毕业
73630,毕业
73631,肄业
73632,毕业
73633,毕业
73634,毕业
73635,肄业
73636,毕业
73637,在读
73638,肄业
73639,肄业
73640,肄业
73641,毕业
73642,毕业
73643,在读
73644,毕业
73645,在读
73646,肄业
73647,在读
73648,毕业
73649,肄业
73650,毕业
73651,毕业
73652,毕业
73653,毕业
73654,毕业
73655,毕业
73656,在读
73657,毕业
73658,毕业
73659,肄业
73660,在读
73661,毕业
73662,毕业
73663,肄业
73664,肄业
73665,肄业
73666,肄业
73667,肄业
73668,在读
73669,肄业
73670,在读
73671,毕业
73672,肄业
73673,毕业
73674,毕业
73675,毕业
73676,肄业
73677,毕业
73678,肄业
73679,在读
73680,肄业
73681,毕业
73682,毕业
73683,肄业
73684,肄业
73685,毕业
73686,毕业
73687,毕业
73688,毕业
73689,毕业
73690,肄业
73691,在读
73692,毕业
73693,肄业
73694,毕业
73695,毕业
73696,肄业
73697,毕业
73698,肄业
73699,肄业
73700,毕业
73701,毕业
73702,毕业
73703,在读
73704,毕业
73705,在读
73706,毕业
73707,毕业
73708,毕业
73709,肄业
73710,毕业
73711,毕业
73712,毕业
73713,肄业
73714,在读
73715,毕业
73716,毕业
73717,毕业
73718,毕业
73719,在读
73720,肄业
73721,肄业
73722,在读
73723,在读
73724,毕业
73725,在读
73726,在读
73727,肄业
73728,肄业
73729,肄业
73730,毕业
73731,毕业
73732,在读
73733,在读
73734,毕业
73735,毕业
73736,毕业
73737,毕业
73738,在读
73739,肄业
73740,毕业
73741,在读
73742,毕业
73743,毕业
73744,在读
73745,毕业
73746,在读
73747,肄业
73748,肄业
73749,肄业
73750,毕业
73751,毕业
73752,毕业
73753,毕业
73754,毕业
73755,毕业
73756,在读
73757,肄业
73758,肄业
73759,毕业
73760,肄业
73761,肄业
73762,肄业
73763,肄业
73764,毕业
73765,毕业
73766,毕业
73767,肄业
73768,毕业
73769,肄业
73770,毕业
73771,在读
73772,肄业
73773,肄业
73774,毕业
73775,在读
73776,毕业
73777,肄业
73778,毕业
73779,毕业
73780,毕业
73781,毕业
73782,毕业
73783,毕业
73784,在读
73785,毕业
73786,在读
73787,毕业
73788,毕业
73789,肄业
73790,肄业
73791,毕业
73792,毕业
73793,毕业
73794,毕业
73795,在读
73796,毕业
73797,在读
73798,毕业
73799,毕业
73800,毕业
73801,肄业
73802,毕业
73803,肄业
73804,毕业
73805,在读
73806,毕业
73807,毕业
73808,肄业
73809,肄业
73810,毕业
73811,毕业
73812,肄业
73813,毕业
73814,肄业
73815,毕业
73816,毕业
73817,肄业
73818,毕业
73819,毕业
73820,在读
73821,毕业
73822,毕业
73823,毕业
73824,肄业
73825,毕业
73826,毕业
73827,肄业
73828,毕业
73829,在读
73830,毕业
73831,毕业
73832,肄业
73833,毕业
73834,毕业
73835,在读
73836,毕业
73837,在读
73838,在读
73839,肄业
73840,在读
73841,毕业
73842,在读
73843,毕业
73844,毕业
73845,肄业
73846,毕业
73847,肄业
73848,毕业
73849,毕业
73850,在读
73851,毕业
73852,毕业
73853,在读
73854,毕业
73855,毕业
73856,毕业
73857,在读
73858,毕业
73859,毕业
73860,毕业
73861,毕业
73862,毕业
73863,毕业
73864,肄业
73865,毕业
73866,肄业
73867,毕业
73868,肄业
73869,肄业
73870,毕业
73871,毕业
73872,毕业
73873,在读
73874,肄业
73875,毕业
73876,毕业
73877,毕业
73878,肄业
73879,在读
73880,在读
73881,毕业
73882,毕业
73883,毕业
73884,毕业
73885,毕业
73886,毕业
73887,毕业
73888,毕业
73889,肄业
73890,毕业
73891,毕业
73892,毕业
73893,毕业
73894,肄业
73895,在读
73896,肄业
73897,在读
73898,在读
73899,毕业
73900,毕业
73901,肄业
73902,肄业
73903,在读
73904,毕业
73905,毕业
73906,毕业
73907,毕业
73908,毕业
73909,肄业
73910,肄业
73911,肄业
73912,在读
73913,在读
73914,毕业
73915,在读
73916,肄业
73917,在读
73918,毕业
73919,肄业
73920,毕业
73921,肄业
73922,在读
73923,肄业
73924,毕业
73925,毕业
73926,毕业
73927,在读
73928,在读
73929,毕业
73930,肄业
73931,毕业
73932,肄业
73933,毕业
73934,在读
73935,肄业
73936,在读
73937,在读
73938,毕业
73939,毕业
73940,肄业
73941,在读
73942,毕业
73943,毕业
73944,毕业
73945,肄业
73946,在读
73947,在读
73948,毕业
73949,肄业
73950,毕业
73951,毕业
73952,在读
73953,肄业
73954,毕业
73955,肄业
73956,肄业
73957,毕业
73958,毕业
73959,在读
73960,在读
73961,肄业
73962,毕业
73963,毕业
73964,毕业
73965,毕业
73966,肄业
73967,毕业
73968,毕业
73969,在读
73970,毕业
73971,毕业
73972,肄业
73973,毕业
73974,肄业
73975,肄业
73976,在读
73977,毕业
73978,肄业
73979,毕业
73980,毕业
73981,肄业
73982,毕业
73983,毕业
73984,毕业
73985,肄业
73986,毕业
73987,肄业
73988,毕业
73989,毕业
73990,在读
73991,毕业
73992,毕业
73993,在读
73994,毕业
73995,毕业
73996,毕业
73997,肄业
73998,在读
73999,毕业
74000,肄业
74001,在读
74002,肄业
74003,毕业
74004,毕业
74005,肄业
74006,毕业
74007,毕业
74008,毕业
74009,毕业
74010,毕业
74011,肄业
74012,毕业
74013,肄业
74014,毕业
74015,在读
74016,肄业
74017,在读
74018,肄业
74019,肄业
74020,毕业
74021,毕业
74022,肄业
74023,在读
74024,肄业
74025,毕业
74026,肄业
74027,毕业
74028,在读
74029,毕业
74030,毕业
74031,毕业
74032,毕业
74033,在读
74034,毕业
74035,肄业
74036,肄业
74037,毕业
74038,毕业
74039,毕业
74040,肄业
74041,毕业
74042,毕业
74043,毕业
74044,毕业
74045,在读
74046,肄业
74047,毕业
74048,肄业
74049,在读
74050,在读
74051,在读
74052,肄业
74053,毕业
74054,在读
74055,毕业
74056,毕业
74057,肄业
74058,毕业
74059,肄业
74060,肄业
74061,毕业
74062,在读
74063,肄业
74064,肄业
74065,毕业
74066,毕业
74067,肄业
74068,在读
74069,肄业
74070,毕业
74071,在读
74072,毕业
74073,在读
74074,毕业
74075,毕业
74076,在读
74077,肄业
74078,在读
74079,毕业
74080,肄业
74081,肄业
74082,肄业
74083,在读
74084,在读
74085,毕业
74086,毕业
74087,毕业
74088,肄业
74089,毕业
74090,肄业
74091,毕业
74092,在读
74093,肄业
74094,毕业
74095,毕业
74096,肄业
74097,毕业
74098,在读
74099,肄业
74100,肄业
74101,肄业
74102,毕业
74103,毕业
74104,在读
74105,毕业
74106,毕业
74107,在读
74108,肄业
74109,毕业
74110,在读
74111,在读
74112,在读
74113,毕业
74114,毕业
74115,毕业
74116,毕业
74117,毕业
74118,毕业
74119,肄业
74120,在读
74121,肄业
74122,毕业
74123,在读
74124,毕业
74125,毕业
74126,毕业
74127,在读
74128,毕业
74129,毕业
74130,毕业
74131,肄业
74132,毕业
74133,在读
74134,毕业
74135,毕业
74136,肄业
74137,在读
74138,肄业
74139,毕业
74140,毕业
74141,毕业
74142,肄业
74143,毕业
74144,毕业
74145,毕业
74146,毕业
74147,在读
74148,毕业
74149,毕业
74150,在读
74151,毕业
74152,毕业
74153,毕业
74154,肄业
74155,毕业
74156,毕业
74157,毕业
74158,毕业
74159,肄业
74160,毕业
74161,毕业
74162,在读
74163,毕业
74164,在读
74165,毕业
74166,毕业
74167,毕业
74168,肄业
74169,肄业
74170,在读
74171,在读
74172,肄业
74173,毕业
74174,毕业
74175,毕业
74176,毕业
74177,肄业
74178,肄业
74179,肄业
74180,在读
74181,毕业
74182,在读
74183,毕业
74184,毕业
74185,毕业
74186,毕业
74187,肄业
74188,毕业
74189,肄业
74190,毕业
74191,毕业
74192,在读
74193,毕业
74194,毕业
74195,毕业
74196,在读
74197,毕业
74198,肄业
74199,在读
74200,毕业
74201,毕业
74202,毕业
74203,肄业
74204,毕业
74205,毕业
74206,毕业
74207,毕业
74208,肄业
74209,毕业
74210,毕业
74211,在读
74212,在读
74213,毕业
74214,毕业
74215,在读
74216,毕业
74217,肄业
74218,在读
74219,肄业
74220,毕业
74221,毕业
74222,肄业
74223,在读
74224,肄业
74225,肄业
74226,毕业
74227,肄业
74228,毕业
74229,毕业
74230,肄业
74231,毕业
74232,毕业
74233,在读
74234,在读
74235,毕业
74236,肄业
74237,毕业
74238,毕业
74239,在读
74240,在读
74241,毕业
74242,肄业
74243,肄业
74244,肄业
74245,毕业
74246,在读
74247,毕业
74248,毕业
74249,在读
74250,肄业
74251,毕业
74252,毕业
74253,在读
74254,肄业
74255,毕业
74256,肄业
74257,肄业
74258,肄业
74259,肄业
74260,在读
74261,在读
74262,肄业
74263,肄业
74264,在读
74265,毕业
74266,在读
74267,肄业
74268,毕业
74269,肄业
74270,肄业
74271,肄业
74272,肄业
74273,毕业
74274,毕业
74275,毕业
74276,肄业
74277,毕业
74278,在读
74279,毕业
74280,在读
74281,毕业
74282,在读
74283,在读
74284,毕业
74285,在读
74286,肄业
74287,毕业
74288,毕业
74289,毕业
74290,毕业
74291,肄业
74292,肄业
74293,在读
74294,毕业
74295,毕业
74296,肄业
74297,在读
74298,肄业
74299,肄业
74300,毕业
74301,肄业
74302,肄业
74303,肄业
74304,肄业
74305,毕业
74306,在读
74307,毕业
74308,肄业
74309,在读
74310,毕业
74311,肄业
74312,毕业
74313,肄业
74314,毕业
74315,毕业
74316,毕业
74317,肄业
74318,毕业
74319,在读
74320,毕业
74321,毕业
74322,毕业
74323,肄业
74324,肄业
74325,毕业
74326,肄业
74327,肄业
74328,毕业
74329,肄业
74330,毕业
74331,毕业
74332,在读
74333,毕业
74334,毕业
74335,在读
74336,毕业
74337,在读
74338,肄业
74339,毕业
74340,毕业
74341,肄业
74342,肄业
74343,在读
74344,肄业
74345,在读
74346,毕业
74347,毕业
74348,毕业
74349,在读
74350,肄业
74351,毕业
74352,毕业
74353,毕业
74354,肄业
74355,毕业
74356,毕业
74357,毕业
74358,毕业
74359,毕业
74360,在读
74361,在读
74362,毕业
74363,毕业
74364,毕业
74365,毕业
74366,肄业
74367,毕业
74368,肄业
74369,毕业
74370,肄业
74371,在读
74372,在读
74373,毕业
74374,肄业
74375,在读
74376,毕业
74377,毕业
74378,肄业
74379,在读
74380,肄业
74381,毕业
74382,毕业
74383,肄业
74384,肄业
74385,毕业
74386,毕业
74387,肄业
74388,毕业
74389,肄业
74390,毕业
74391,肄业
74392,毕业
74393,毕业
74394,肄业
74395,肄业
74396,肄业
74397,毕业
74398,在读
74399,毕业
74400,肄业
74401,在读
74402,肄业
74403,在读
74404,毕业
74405,肄业
74406,毕业
74407,毕业
74408,毕业
74409,毕业
74410,在读
74411,毕业
74412,毕业
74413,肄业
74414,毕业
74415,毕业
74416,肄业
74417,在读
74418,毕业
74419,毕业
74420,毕业
74421,毕业
74422,毕业
74423,毕业
74424,肄业
74425,在读
74426,毕业
74427,毕业
74428,毕业
74429,毕业
74430,毕业
74431,毕业
74432,毕业
74433,肄业
74434,肄业
74435,肄业
74436,毕业
74437,毕业
74438,在读
74439,肄业
74440,在读
74441,在读
74442,毕业
74443,肄业
74444,毕业
74445,在读
74446,毕业
74447,肄业
74448,在读
74449,在读
74450,肄业
74451,毕业
74452,在读
74453,肄业
74454,肄业
74455,肄业
74456,肄业
74457,毕业
74458,肄业
74459,在读
74460,毕业
74461,毕业
74462,毕业
74463,在读
74464,在读
74465,毕业
74466,毕业
74467,毕业
74468,毕业
74469,毕业
74470,毕业
74471,在读
74472,肄业
74473,肄业
74474,肄业
74475,肄业
74476,毕业
74477,毕业
74478,肄业
74479,毕业
74480,在读
74481,毕业
74482,在读
74483,在读
74484,肄业
74485,肄业
74486,在读
74487,毕业
74488,肄业
74489,肄业
74490,肄业
74491,毕业
74492,毕业
74493,肄业
74494,毕业
74495,毕业
74496,肄业
74497,毕业
74498,在读
74499,在读
74500,毕业
74501,毕业
74502,在读
74503,毕业
74504,肄业
74505,毕业
74506,毕业
74507,在读
74508,在读
74509,肄业
74510,毕业
74511,肄业
74512,毕业
74513,肄业
74514,毕业
74515,毕业
74516,毕业
74517,毕业
74518,肄业
74519,在读
74520,毕业
74521,肄业
74522,肄业
74523,肄业
74524,毕业
74525,在读
74526,毕业
74527,毕业
74528,毕业
74529,毕业
74530,在读
74531,毕业
74532,毕业
74533,在读
74534,肄业
74535,在读
74536,肄业
74537,肄业
74538,毕业
74539,毕业
74540,毕业
74541,在读
74542,毕业
74543,毕业
74544,肄业
74545,肄业
74546,肄业
74547,毕业
74548,毕业
74549,肄业
74550,肄业
74551,肄业
74552,毕业
74553,毕业
74554,毕业
74555,毕业
74556,毕业
74557,在读
74558,肄业
74559,在读
74560,肄业
74561,毕业
74562,肄业
74563,毕业
74564,在读
74565,肄业
74566,肄业
74567,毕业
74568,在读
74569,毕业
74570,毕业
74571,肄业
74572,肄业
74573,毕业
74574,毕业
74575,肄业
74576,在读
74577,毕业
74578,肄业
74579,毕业
74580,在读
74581,毕业
74582,肄业
74583,毕业
74584,肄业
74585,在读
74586,肄业
74587,毕业
74588,毕业
74589,毕业
74590,在读
74591,在读
74592,毕业
74593,毕业
74594,在读
74595,毕业
74596,在读
74597,在读
74598,毕业
74599,肄业
74600,肄业
74601,肄业
74602,肄业
74603,毕业
74604,肄业
74605,在读
74606,肄业
74607,肄业
74608,肄业
74609,肄业
74610,毕业
74611,毕业
74612,在读
74613,毕业
74614,肄业
74615,毕业
74616,毕业
74617,在读
74618,肄业
74619,毕业
74620,毕业
74621,肄业
74622,肄业
74623,肄业
74624,毕业
74625,肄业
74626,在读
74627,肄业
74628,肄业
74629,毕业
74630,毕业
74631,毕业
74632,肄业
74633,肄业
74634,毕业
74635,毕业
74636,毕业
74637,在读
74638,毕业
74639,肄业
74640,在读
74641,毕业
74642,毕业
74643,肄业
74644,毕业
74645,毕业
74646,肄业
74647,毕业
74648,毕业
74649,毕业
74650,毕业
74651,毕业
74652,毕业
74653,毕业
74654,毕业
74655,毕业
74656,肄业
74657,毕业
74658,毕业
74659,在读
74660,毕业
74661,在读
74662,肄业
74663,毕业
74664,在读
74665,在读
74666,毕业
74667,毕业
74668,肄业
74669,毕业
74670,肄业
74671,毕业
74672,肄业
74673,毕业
74674,毕业
74675,在读
74676,毕业
74677,毕业
74678,在读
74679,肄业
74680,肄业
74681,肄业
74682,毕业
74683,毕业
74684,在读
74685,毕业
74686,毕业
74687,毕业
74688,在读
74689,毕业
74690,毕业
74691,毕业
74692,肄业
74693,在读
74694,在读
74695,在读
74696,毕业
74697,肄业
74698,毕业
74699,毕业
74700,在读
74701,肄业
74702,肄业
74703,毕业
74704,肄业
74705,毕业
74706,肄业
74707,在读
74708,毕业
74709,毕业
74710,肄业
74711,毕业
74712,毕业
74713,肄业
74714,在读
74715,肄业
74716,毕业
74717,毕业
74718,毕业
74719,毕业
74720,毕业
74721,毕业
74722,毕业
74723,毕业
74724,毕业
74725,毕业
74726,毕业
74727,毕业
74728,毕业
74729,肄业
74730,肄业
74731,肄业
74732,毕业
74733,肄业
74734,毕业
74735,毕业
74736,肄业
74737,毕业
74738,毕业
74739,肄业
74740,肄业
74741,毕业
74742,肄业
74743,在读
74744,肄业
74745,毕业
74746,毕业
74747,肄业
74748,毕业
74749,毕业
74750,肄业
74751,肄业
74752,肄业
74753,毕业
74754,毕业
74755,肄业
74756,毕业
74757,肄业
74758,毕业
74759,毕业
74760,在读
74761,毕业
74762,肄业
74763,肄业
74764,毕业
74765,毕业
74766,在读
74767,毕业
74768,肄业
74769,毕业
74770,肄业
74771,肄业
74772,毕业
74773,肄业
74774,毕业
74775,毕业
74776,在读
74777,肄业
74778,在读
74779,在读
74780,毕业
74781,毕业
74782,毕业
74783,肄业
74784,肄业
74785,肄业
74786,肄业
74787,在读
74788,肄业
74789,毕业
74790,毕业
74791,肄业
74792,肄业
74793,毕业
74794,毕业
74795,毕业
74796,毕业
74797,毕业
74798,在读
74799,肄业
74800,毕业
74801,毕业
74802,在读
74803,毕业
74804,肄业
74805,在读
74806,在读
74807,毕业
74808,毕业
74809,肄业
74810,肄业
74811,肄业
74812,肄业
74813,肄业
74814,毕业
74815,肄业
74816,毕业
74817,肄业
74818,毕业
74819,毕业
74820,毕业
74821,肄业
74822,在读
74823,肄业
74824,在读
74825,肄业
74826,毕业
74827,毕业
74828,毕业
74829,毕业
74830,毕业
74831,在读
74832,肄业
74833,毕业
74834,肄业
74835,毕业
74836,肄业
74837,在读
74838,肄业
74839,毕业
74840,在读
74841,在读
74842,在读
74843,毕业
74844,肄业
74845,肄业
74846,在读
74847,在读
74848,毕业
74849,肄业
74850,肄业
74851,在读
74852,毕业
74853,毕业
74854,毕业
74855,毕业
74856,毕业
74857,毕业
74858,毕业
74859,肄业
74860,在读
74861,毕业
74862,毕业
74863,肄业
74864,毕业
74865,毕业
74866,毕业
74867,肄业
74868,肄业
74869,在读
74870,在读
74871,毕业
74872,肄业
74873,毕业
74874,肄业
74875,在读
74876,肄业
74877,肄业
74878,肄业
74879,毕业
74880,毕业
74881,肄业
74882,在读
74883,肄业
74884,毕业
74885,肄业
74886,毕业
74887,肄业
74888,毕业
74889,肄业
74890,肄业
74891,毕业
74892,肄业
74893,毕业
74894,在读
74895,毕业
74896,肄业
74897,毕业
74898,毕业
74899,毕业
74900,毕业
74901,毕业
74902,肄业
74903,毕业
74904,肄业
74905,在读
74906,肄业
74907,毕业
74908,肄业
74909,毕业
74910,毕业
74911,毕业
74912,毕业
74913,肄业
74914,肄业
74915,毕业
74916,肄业
74917,毕业
74918,毕业
74919,毕业
74920,毕业
74921,毕业
74922,毕业
74923,肄业
74924,肄业
74925,毕业
74926,毕业
74927,在读
74928,毕业
74929,毕业
74930,肄业
74931,毕业
74932,毕业
74933,在读
74934,在读
74935,毕业
74936,肄业
74937,毕业
74938,肄业
74939,在读
74940,毕业
74941,肄业
74942,肄业
74943,肄业
74944,肄业
74945,毕业
74946,毕业
74947,肄业
74948,毕业
74949,肄业
74950,毕业
74951,在读
74952,在读
74953,毕业
74954,肄业
74955,毕业
74956,在读
74957,毕业
74958,肄业
74959,毕业
74960,在读
74961,肄业
74962,毕业
74963,毕业
74964,肄业
74965,毕业
74966,毕业
74967,毕业
74968,毕业
74969,毕业
74970,毕业
74971,毕业
74972,毕业
74973,肄业
74974,毕业
74975,肄业
74976,毕业
74977,毕业
74978,毕业
74979,毕业
74980,在读
74981,在读
74982,毕业
74983,肄业
74984,毕业
74985,在读
74986,毕业
74987,毕业
74988,毕业
74989,毕业
74990,肄业
74991,毕业
74992,肄业
74993,毕业
74994,毕业
74995,毕业
74996,毕业
74997,肄业
74998,毕业
74999,在读
75000,肄业
75001,毕业
75002,肄业
75003,在读
75004,毕业
75005,毕业
75006,在读
75007,毕业
75008,毕业
75009,毕业
75010,毕业
75011,毕业
75012,肄业
75013,毕业
75014,肄业
75015,毕业
75016,在读
75017,毕业
75018,肄业
75019,在读
75020,毕业
75021,在读
75022,在读
75023,毕业
75024,毕业
75025,毕业
75026,肄业
75027,毕业
75028,在读
75029,毕业
75030,毕业
75031,在读
75032,肄业
75033,肄业
75034,毕业
75035,在读
75036,肄业
75037,毕业
75038,肄业
75039,毕业
75040,毕业
75041,在读
75042,毕业
75043,肄业
75044,毕业
75045,肄业
75046,肄业
75047,肄业
75048,肄业
75049,毕业
75050,毕业
75051,肄业
75052,毕业
75053,肄业
75054,毕业
75055,毕业
75056,在读
75057,毕业
75058,在读
75059,毕业
75060,在读
75061,肄业
75062,毕业
75063,在读
75064,在读
75065,肄业
75066,肄业
75067,肄业
75068,肄业
75069,毕业
75070,毕业
75071,肄业
75072,肄业
75073,毕业
75074,肄业
75075,肄业
75076,毕业
75077,毕业
75078,肄业
75079,肄业
75080,毕业
75081,毕业
75082,肄业
75083,毕业
75084,毕业
75085,肄业
75086,毕业
75087,毕业
75088,毕业
75089,在读
75090,在读
75091,毕业
75092,毕业
75093,在读
75094,肄业
75095,肄业
75096,在读
75097,毕业
75098,毕业
75099,在读
75100,毕业
75101,毕业
75102,毕业
75103,肄业
75104,毕业
75105,毕业
75106,肄业
75107,毕业
75108,肄业
75109,肄业
75110,肄业
75111,肄业
75112,在读
75113,在读
75114,毕业
75115,毕业
75116,在读
75117,毕业
75118,肄业
75119,毕业
75120,毕业
75121,在读
75122,在读
75123,在读
75124,毕业
75125,毕业
75126,毕业
75127,毕业
75128,毕业
75129,毕业
75130,肄业
75131,毕业
75132,毕业
75133,肄业
75134,毕业
75135,毕业
75136,在读
75137,肄业
75138,毕业
75139,在读
75140,在读
75141,毕业
75142,肄业
75143,肄业
75144,肄业
75145,肄业
75146,毕业
75147,毕业
75148,毕业
75149,毕业
75150,肄业
75151,肄业
75152,毕业
75153,毕业
75154,在读
75155,毕业
75156,毕业
75157,肄业
75158,在读
75159,肄业
75160,毕业
75161,毕业
75162,在读
75163,肄业
75164,毕业
75165,在读
75166,在读
75167,毕业
75168,在读
75169,肄业
75170,肄业
75171,毕业
75172,毕业
75173,在读
75174,毕业
75175,毕业
75176,肄业
75177,毕业
75178,肄业
75179,在读
75180,毕业
75181,肄业
75182,毕业
75183,肄业
75184,在读
75185,毕业
75186,毕业
75187,毕业
75188,毕业
75189,在读
75190,肄业
75191,在读
75192,肄业
75193,毕业
75194,毕业
75195,毕业
75196,毕业
75197,在读
75198,毕业
75199,毕业
75200,肄业
75201,毕业
75202,毕业
75203,在读
75204,肄业
75205,在读
75206,在读
75207,毕业
75208,毕业
75209,肄业
75210,毕业
75211,肄业
75212,毕业
75213,肄业
75214,毕业
75215,肄业
75216,肄业
75217,在读
75218,毕业
75219,毕业
75220,在读
75221,毕业
75222,毕业
75223,肄业
75224,在读
75225,肄业
75226,毕业
75227,在读
75228,毕业
75229,在读
75230,毕业
75231,肄业
75232,在读
75233,毕业
75234,在读
75235,毕业
75236,肄业
75237,肄业
75238,在读
75239,毕业
75240,毕业
75241,毕业
75242,肄业
75243,在读
75244,毕业
75245,毕业
75246,在读
75247,肄业
75248,毕业
75249,在读
75250,在读
75251,肄业
75252,肄业
75253,在读
75254,毕业
75255,毕业
75256,毕业
75257,毕业
75258,毕业
75259,毕业
75260,毕业
75261,毕业
75262,毕业
75263,肄业
75264,毕业
75265,毕业
75266,毕业
75267,在读
75268,肄业
75269,毕业
75270,毕业
75271,肄业
75272,毕业
75273,肄业
75274,毕业
75275,毕业
75276,毕业
75277,毕业
75278,毕业
75279,毕业
75280,毕业
75281,毕业
75282,在读
75283,肄业
75284,肄业
75285,毕业
75286,在读
75287,肄业
75288,毕业
75289,毕业
75290,毕业
75291,毕业
75292,毕业
75293,毕业
75294,肄业
75295,毕业
75296,肄业
75297,肄业
75298,毕业
75299,毕业
75300,肄业
75301,肄业
75302,毕业
75303,毕业
75304,肄业
75305,肄业
75306,毕业
75307,肄业
75308,毕业
75309,在读
75310,毕业
75311,肄业
75312,肄业
75313,毕业
75314,肄业
75315,在读
75316,肄业
75317,在读
75318,毕业
75319,毕业
75320,在读
75321,毕业
75322,肄业
75323,毕业
75324,肄业
75325,毕业
75326,毕业
75327,在读
75328,肄业
75329,在读
75330,毕业
75331,在读
75332,肄业
75333,在读
75334,毕业
75335,毕业
75336,在读
75337,毕业
75338,毕业
75339,肄业
75340,毕业
75341,肄业
75342,毕业
75343,毕业
75344,毕业
75345,肄业
75346,毕业
75347,肄业
75348,肄业
75349,毕业
75350,毕业
75351,在读
75352,在读
75353,肄业
75354,在读
75355,在读
75356,在读
75357,毕业
75358,肄业
75359,毕业
75360,肄业
75361,毕业
75362,在读
75363,毕业
75364,肄业
75365,肄业
75366,肄业
75367,毕业
75368,毕业
75369,毕业
75370,毕业
75371,毕业
75372,毕业
75373,毕业
75374,毕业
75375,肄业
75376,肄业
75377,在读
75378,毕业
75379,毕业
75380,在读
75381,毕业
75382,肄业
75383,毕业
75384,肄业
75385,毕业
75386,毕业
75387,毕业
75388,毕业
75389,在读
75390,毕业
75391,毕业
75392,肄业
75393,肄业
75394,肄业
75395,毕业
75396,肄业
75397,肄业
75398,毕业
75399,毕业
75400,肄业
75401,在读
75402,毕业
75403,肄业
75404,在读
75405,在读
75406,在读
75407,在读
75408,毕业
75409,肄业
75410,毕业
75411,肄业
75412,在读
75413,毕业
75414,毕业
75415,肄业
75416,毕业
75417,毕业
75418,肄业
75419,在读
75420,肄业
75421,肄业
75422,毕业
75423,毕业
75424,毕业
75425,毕业
75426,在读
75427,毕业
75428,在读
75429,肄业
75430,在读
75431,肄业
75432,毕业
75433,在读
75434,肄业
75435,毕业
75436,毕业
75437,在读
75438,肄业
75439,在读
75440,毕业
75441,在读
75442,毕业
75443,毕业
75444,肄业
75445,肄业
75446,毕业
75447,毕业
75448,毕业
75449,毕业
75450,在读
75451,毕业
75452,毕业
75453,毕业
75454,毕业
75455,毕业
75456,肄业
75457,肄业
75458,毕业
75459,肄业
75460,肄业
75461,肄业
75462,肄业
75463,毕业
75464,毕业
75465,肄业
75466,毕业
75467,在读
75468,毕业
75469,在读
75470,肄业
75471,毕业
75472,在读
75473,肄业
75474,毕业
75475,毕业
75476,在读
75477,毕业
75478,毕业
75479,在读
75480,肄业
75481,肄业
75482,毕业
75483,肄业
75484,在读
75485,毕业
75486,毕业
75487,肄业
75488,肄业
75489,毕业
75490,毕业
75491,在读
75492,在读
75493,毕业
75494,毕业
75495,在读
75496,毕业
75497,毕业
75498,肄业
75499,毕业
75500,肄业
75501,毕业
75502,毕业
75503,肄业
75504,在读
75505,在读
75506,在读
75507,毕业
75508,在读
75509,毕业
75510,肄业
75511,在读
75512,肄业
75513,毕业
75514,毕业
75515,毕业
75516,毕业
75517,在读
75518,肄业
75519,毕业
75520,毕业
75521,毕业
75522,在读
75523,在读
75524,毕业
75525,肄业
75526,毕业
75527,在读
75528,肄业
75529,肄业
75530,毕业
75531,毕业
75532,在读
75533,毕业
75534,在读
75535,毕业
75536,肄业
75537,毕业
75538,肄业
75539,毕业
75540,毕业
75541,肄业
75542,在读
75543,毕业
75544,毕业
75545,毕业
75546,肄业
75547,毕业
75548,肄业
75549,肄业
75550,肄业
75551,肄业
75552,毕业
75553,肄业
75554,毕业
75555,肄业
75556,在读
75557,在读
75558,毕业
75559,肄业
75560,肄业
75561,肄业
75562,毕业
75563,毕业
75564,在读
75565,毕业
75566,毕业
75567,毕业
75568,毕业
75569,毕业
75570,毕业
75571,肄业
75572,毕业
75573,毕业
75574,在读
75575,在读
75576,肄业
75577,毕业
75578,毕业
75579,毕业
75580,肄业
75581,肄业
75582,肄业
75583,毕业
75584,毕业
75585,肄业
75586,毕业
75587,毕业
75588,肄业
75589,毕业
75590,肄业
75591,毕业
75592,肄业
75593,毕业
75594,毕业
75595,在读
75596,肄业
75597,毕业
75598,毕业
75599,肄业
75600,肄业
75601,毕业
75602,在读
75603,毕业
75604,肄业
75605,在读
75606,毕业
75607,毕业
75608,毕业
75609,在读
75610,肄业
75611,在读
75612,在读
75613,肄业
75614,毕业
75615,在读
75616,在读
75617,肄业
75618,毕业
75619,肄业
75620,在读
75621,肄业
75622,肄业
75623,毕业
75624,肄业
75625,毕业
75626,在读
75627,毕业
75628,毕业
75629,毕业
75630,肄业
75631,肄业
75632,肄业
75633,毕业
75634,毕业
75635,毕业
75636,毕业
75637,毕业
75638,毕业
75639,在读
75640,肄业
75641,毕业
75642,肄业
75643,毕业
75644,毕业
75645,毕业
75646,肄业
75647,肄业
75648,肄业
75649,肄业
75650,毕业
75651,毕业
75652,毕业
75653,毕业
75654,毕业
75655,肄业
75656,毕业
75657,毕业
75658,毕业
75659,肄业
75660,肄业
75661,肄业
75662,毕业
75663,肄业
75664,在读
75665,毕业
75666,在读
75667,肄业
75668,毕业
75669,肄业
75670,毕业
75671,毕业
75672,毕业
75673,肄业
75674,肄业
75675,毕业
75676,在读
75677,肄业
75678,毕业
75679,肄业
75680,毕业
75681,毕业
75682,毕业
75683,毕业
75684,肄业
75685,肄业
75686,毕业
75687,毕业
75688,毕业
75689,在读
75690,毕业
75691,肄业
75692,毕业
75693,毕业
75694,毕业
75695,肄业
75696,在读
75697,肄业
75698,肄业
75699,在读
75700,肄业
75701,肄业
75702,肄业
75703,毕业
75704,毕业
75705,肄业
75706,肄业
75707,肄业
75708,毕业
75709,毕业
75710,毕业
75711,肄业
75712,肄业
75713,毕业
75714,肄业
75715,毕业
75716,毕业
75717,毕业
75718,毕业
75719,在读
75720,毕业
75721,肄业
75722,肄业
75723,毕业
75724,在读
75725,毕业
75726,肄业
75727,毕业
75728,在读
75729,肄业
75730,毕业
75731,肄业
75732,肄业
75733,在读
75734,毕业
75735,肄业
75736,在读
75737,肄业
75738,在读
75739,毕业
75740,毕业
75741,肄业
75742,毕业
75743,毕业
75744,肄业
75745,在读
75746,毕业
75747,肄业
75748,在读
75749,毕业
75750,肄业
75751,肄业
75752,毕业
75753,毕业
75754,毕业
75755,毕业
75756,在读
75757,毕业
75758,毕业
75759,在读
75760,在读
75761,肄业
75762,毕业
75763,肄业
75764,毕业
75765,在读
75766,毕业
75767,肄业
75768,肄业
75769,在读
75770,在读
75771,毕业
75772,毕业
75773,毕业
75774,毕业
75775,毕业
75776,毕业
75777,毕业
75778,毕业
75779,毕业
75780,肄业
75781,毕业
75782,肄业
75783,肄业
75784,毕业
75785,肄业
75786,在读
75787,肄业
75788,在读
75789,肄业
75790,毕业
75791,毕业
75792,肄业
75793,在读
75794,肄业
75795,在读
75796,肄业
75797,毕业
75798,肄业
75799,肄业
75800,毕业
75801,肄业
75802,毕业
75803,毕业
75804,肄业
75805,毕业
75806,在读
75807,毕业
75808,毕业
75809,在读
75810,毕业
75811,毕业
75812,肄业
75813,毕业
75814,肄业
75815,毕业
75816,肄业
75817,肄业
75818,肄业
75819,肄业
75820,毕业
75821,毕业
75822,毕业
75823,肄业
75824,毕业
75825,毕业
75826,在读
75827,毕业
75828,毕业
75829,毕业
75830,肄业
75831,在读
75832,毕业
75833,在读
75834,毕业
75835,肄业
75836,毕业
75837,毕业
75838,肄业
75839,毕业
75840,肄业
75841,肄业
75842,毕业
75843,在读
75844,毕业
75845,肄业
75846,肄业
75847,毕业
75848,毕业
75849,毕业
75850,毕业
75851,毕业
75852,肄业
75853,在读
75854,毕业
75855,毕业
75856,毕业
75857,毕业
75858,毕业
75859,在读
75860,毕业
75861,毕业
75862,毕业
75863,毕业
75864,毕业
75865,肄业
75866,在读
75867,在读
75868,毕业
75869,肄业
75870,毕业
75871,在读
75872,肄业
75873,毕业
75874,肄业
75875,毕业
75876,毕业
75877,毕业
75878,肄业
75879,肄业
75880,毕业
75881,肄业
75882,毕业
75883,肄业
75884,肄业
75885,毕业
75886,毕业
75887,肄业
75888,毕业
75889,毕业
75890,在读
75891,在读
75892,肄业
75893,在读
75894,毕业
75895,肄业
75896,毕业
75897,毕业
75898,毕业
75899,毕业
75900,毕业
75901,肄业
75902,肄业
75903,毕业
75904,在读
75905,毕业
75906,肄业
75907,毕业
75908,毕业
75909,肄业
75910,肄业
75911,肄业
75912,在读
75913,在读
75914,毕业
75915,在读
75916,在读
75917,肄业
75918,肄业
75919,肄业
75920,毕业
75921,毕业
75922,毕业
75923,毕业
75924,毕业
75925,毕业
75926,毕业
75927,在读
75928,肄业
75929,肄业
75930,毕业
75931,肄业
75932,在读
75933,在读
75934,肄业
75935,在读
75936,毕业
75937,肄业
75938,肄业
75939,肄业
75940,肄业
75941,毕业
75942,在读
75943,肄业
75944,毕业
75945,在读
75946,毕业
75947,在读
75948,毕业
75949,毕业
75950,肄业
75951,毕业
75952,毕业
75953,毕业
75954,毕业
75955,毕业
75956,毕业
75957,毕业
75958,在读
75959,在读
75960,毕业
75961,毕业
75962,毕业
75963,毕业
75964,在读
75965,毕业
75966,毕业
75967,肄业
75968,毕业
75969,毕业
75970,毕业
75971,在读
75972,在读
75973,毕业
75974,毕业
75975,毕业
75976,肄业
75977,肄业
75978,在读
75979,在读
75980,毕业
75981,毕业
75982,毕业
75983,毕业
75984,毕业
75985,毕业
75986,肄业
75987,肄业
75988,毕业
75989,毕业
75990,毕业
75991,在读
75992,毕业
75993,在读
75994,毕业
75995,肄业
75996,毕业
75997,肄业
75998,在读
75999,毕业
76000,肄业
76001,毕业
76002,肄业
76003,在读
76004,毕业
76005,毕业
76006,肄业
76007,毕业
76008,在读
76009,毕业
76010,毕业
76011,毕业
76012,肄业
76013,肄业
76014,毕业
76015,肄业
76016,在读
76017,毕业
76018,肄业
76019,肄业
76020,毕业
76021,毕业
76022,在读
76023,毕业
76024,肄业
76025,毕业
76026,肄业
76027,在读
76028,毕业
76029,毕业
76030,毕业
76031,毕业
76032,在读
76033,毕业
76034,毕业
76035,肄业
76036,肄业
76037,在读
76038,毕业
76039,在读
76040,肄业
76041,肄业
76042,毕业
76043,在读
76044,在读
76045,毕业
76046,肄业
76047,毕业
76048,毕业
76049,毕业
76050,毕业
76051,在读
76052,毕业
76053,肄业
76054,毕业
76055,毕业
76056,毕业
76057,在读
76058,在读
76059,毕业
76060,在读
76061,毕业
76062,毕业
76063,毕业
76064,在读
76065,毕业
76066,毕业
76067,肄业
76068,在读
76069,毕业
76070,肄业
76071,在读
76072,肄业
76073,毕业
76074,肄业
76075,毕业
76076,毕业
76077,毕业
76078,毕业
76079,毕业
76080,肄业
76081,在读
76082,毕业
76083,肄业
76084,在读
76085,毕业
76086,毕业
76087,毕业
76088,毕业
76089,肄业
76090,毕业
76091,毕业
76092,毕业
76093,在读
76094,肄业
76095,肄业
76096,毕业
76097,毕业
76098,毕业
76099,毕业
76100,在读
76101,肄业
76102,毕业
76103,毕业
76104,肄业
76105,肄业
76106,毕业
76107,在读
76108,肄业
76109,毕业
76110,肄业
76111,肄业
76112,肄业
76113,毕业
76114,在读
76115,毕业
76116,毕业
76117,毕业
76118,毕业
76119,在读
76120,在读
76121,在读
76122,肄业
76123,毕业
76124,毕业
76125,毕业
76126,肄业
76127,肄业
76128,毕业
76129,毕业
76130,毕业
76131,毕业
76132,毕业
76133,肄业
76134,在读
76135,毕业
76136,毕业
76137,毕业
76138,肄业
76139,肄业
76140,肄业
76141,在读
76142,毕业
76143,毕业
76144,毕业
76145,毕业
76146,毕业
76147,肄业
76148,毕业
76149,肄业
76150,毕业
76151,肄业
76152,毕业
76153,毕业
76154,在读
76155,毕业
76156,毕业
76157,肄业
76158,毕业
76159,肄业
76160,肄业
76161,毕业
76162,在读
76163,肄业
76164,毕业
76165,毕业
76166,肄业
76167,毕业
76168,毕业
76169,毕业
76170,毕业
76171,肄业
76172,肄业
76173,毕业
76174,毕业
76175,在读
76176,肄业
76177,肄业
76178,在读
76179,毕业
76180,毕业
76181,肄业
76182,毕业
76183,毕业
76184,在读
76185,肄业
76186,毕业
76187,肄业
76188,肄业
76189,毕业
76190,毕业
76191,在读
76192,肄业
76193,毕业
76194,毕业
76195,毕业
76196,毕业
76197,肄业
76198,毕业
76199,毕业
76200,毕业
76201,肄业
76202,在读
76203,在读
76204,毕业
76205,在读
76206,毕业
76207,毕业
76208,肄业
76209,毕业
76210,肄业
76211,肄业
76212,毕业
76213,毕业
76214,肄业
76215,在读
76216,毕业
76217,毕业
76218,毕业
76219,毕业
76220,毕业
76221,毕业
76222,毕业
76223,毕业
76224,毕业
76225,在读
76226,毕业
76227,毕业
76228,肄业
76229,毕业
76230,毕业
76231,在读
76232,在读
76233,毕业
76234,毕业
76235,毕业
76236,毕业
76237,肄业
76238,在读
76239,毕业
76240,在读
76241,肄业
76242,肄业
76243,毕业
76244,毕业
76245,肄业
76246,毕业
76247,在读
76248,在读
76249,在读
76250,肄业
76251,毕业
76252,毕业
76253,毕业
76254,在读
76255,毕业
76256,肄业
76257,肄业
76258,毕业
76259,毕业
76260,肄业
76261,毕业
76262,毕业
76263,毕业
76264,在读
76265,肄业
76266,毕业
76267,毕业
76268,毕业
76269,肄业
76270,毕业
76271,毕业
76272,毕业
76273,毕业
76274,毕业
76275,毕业
76276,毕业
76277,毕业
76278,肄业
76279,在读
76280,毕业
76281,在读
76282,肄业
76283,肄业
76284,毕业
76285,毕业
76286,毕业
76287,肄业
76288,肄业
76289,毕业
76290,肄业
76291,毕业
76292,肄业
76293,毕业
76294,毕业
76295,肄业
76296,肄业
76297,毕业
76298,毕业
76299,毕业
76300,肄业
76301,肄业
76302,毕业
76303,毕业
76304,在读
76305,肄业
76306,肄业
76307,毕业
76308,肄业
76309,肄业
76310,毕业
76311,肄业
76312,在读
76313,毕业
76314,毕业
76315,毕业
76316,毕业
76317,毕业
76318,在读
76319,在读
76320,在读
76321,毕业
76322,肄业
76323,毕业
76324,毕业
76325,肄业
76326,毕业
76327,肄业
76328,毕业
76329,毕业
76330,肄业
76331,肄业
76332,毕业
76333,肄业
76334,毕业
76335,在读
76336,毕业
76337,肄业
76338,毕业
76339,毕业
76340,毕业
76341,肄业
76342,毕业
76343,肄业
76344,毕业
76345,毕业
76346,在读
76347,在读
76348,肄业
76349,毕业
76350,肄业
76351,肄业
76352,在读
76353,肄业
76354,肄业
76355,肄业
76356,肄业
76357,在读
76358,肄业
76359,肄业
76360,毕业
76361,在读
76362,毕业
76363,毕业
76364,毕业
76365,毕业
76366,毕业
76367,肄业
76368,毕业
76369,毕业
76370,肄业
76371,肄业
76372,毕业
76373,毕业
76374,肄业
76375,毕业
76376,肄业
76377,毕业
76378,肄业
76379,肄业
76380,毕业
76381,肄业
76382,肄业
76383,肄业
76384,毕业
76385,毕业
76386,毕业
76387,毕业
76388,肄业
76389,肄业
76390,肄业
76391,肄业
76392,毕业
76393,毕业
76394,在读
76395,毕业
76396,在读
76397,毕业
76398,毕业
76399,毕业
76400,毕业
76401,毕业
76402,肄业
76403,毕业
76404,肄业
76405,毕业
76406,毕业
76407,毕业
76408,肄业
76409,肄业
76410,肄业
76411,毕业
76412,肄业
76413,毕业
76414,毕业
76415,毕业
76416,肄业
76417,毕业
76418,毕业
76419,毕业
76420,毕业
76421,毕业
76422,肄业
76423,毕业
76424,在读
76425,毕业
76426,肄业
76427,毕业
76428,在读
76429,毕业
76430,肄业
76431,在读
76432,肄业
76433,毕业
76434,毕业
76435,毕业
76436,肄业
76437,毕业
76438,毕业
76439,毕业
76440,毕业
76441,毕业
76442,毕业
76443,毕业
76444,肄业
76445,肄业
76446,毕业
76447,毕业
76448,在读
76449,毕业
76450,肄业
76451,毕业
76452,肄业
76453,肄业
76454,在读
76455,毕业
76456,毕业
76457,肄业
76458,毕业
76459,毕业
76460,毕业
76461,毕业
76462,毕业
76463,肄业
76464,毕业
76465,毕业
76466,在读
76467,肄业
76468,肄业
76469,肄业
76470,毕业
76471,在读
76472,在读
76473,毕业
76474,毕业
76475,毕业
76476,肄业
76477,毕业
76478,在读
76479,毕业
76480,肄业
76481,毕业
76482,毕业
76483,毕业
76484,毕业
76485,肄业
76486,毕业
76487,肄业
76488,毕业
76489,肄业
76490,毕业
76491,毕业
76492,毕业
76493,肄业
76494,毕业
76495,毕业
76496,肄业
76497,毕业
76498,毕业
76499,在读
76500,在读
76501,毕业
76502,肄业
76503,毕业
76504,毕业
76505,在读
76506,毕业
76507,在读
76508,毕业
76509,毕业
76510,毕业
76511,毕业
76512,毕业
76513,毕业
76514,毕业
76515,毕业
76516,肄业
76517,毕业
